-- phpMyAdmin SQL Dump
-- version 5.2.1
-- https://www.phpmyadmin.net/
--
-- Host: 127.0.0.1
-- Generation Time: Apr 19, 2025 at 07:00 AM
-- Server version: 10.4.32-MariaDB
-- PHP Version: 8.0.30

SET SQL_MODE = "NO_AUTO_VALUE_ON_ZERO";
START TRANSACTION;
SET time_zone = "+00:00";


/*!40101 SET @OLD_CHARACTER_SET_CLIENT=@@CHARACTER_SET_CLIENT */;
/*!40101 SET @OLD_CHARACTER_SET_RESULTS=@@CHARACTER_SET_RESULTS */;
/*!40101 SET @OLD_COLLATION_CONNECTION=@@COLLATION_CONNECTION */;
/*!40101 SET NAMES utf8mb4 */;

--
-- Database: `dyanmic`
--

-- --------------------------------------------------------

--
-- Table structure for table `classslot`
--

CREATE TABLE `classslot` (
  `slot_id` int(11) NOT NULL,
  `shift_id` int(11) DEFAULT NULL,
  `classtime` varchar(50) DEFAULT NULL
) ENGINE=InnoDB DEFAULT CHARSET=utf8mb4 COLLATE=utf8mb4_general_ci;

-- --------------------------------------------------------

--
-- Table structure for table `floor`
--

CREATE TABLE `floor` (
  `floor_number` varchar(30) NOT NULL
) ENGINE=InnoDB DEFAULT CHARSET=utf8mb4 COLLATE=utf8mb4_general_ci;

--
-- Dumping data for table `floor`
--

INSERT INTO `floor` (`floor_number`) VALUES
('1'),
('2'),
('3'),
('4'),
('5'),
('6');

-- --------------------------------------------------------

--
-- Table structure for table `room`
--

CREATE TABLE `room` (
  `room_id` int(11) NOT NULL,
  `floor_number` varchar(30) DEFAULT NULL,
  `room_number` varchar(10) NOT NULL
) ENGINE=InnoDB DEFAULT CHARSET=utf8mb4 COLLATE=utf8mb4_general_ci;

--
-- Dumping data for table `room`
--

INSERT INTO `room` (`room_id`, `floor_number`, `room_number`) VALUES
(12, '3', '3-24'),
(2, '2', 'A-12'),
(3, '2', 'A-13'),
(10, '3', 'A-22'),
(5, '3', 'A-23'),
(16, '4', 'A-31'),
(17, '4', 'A-32'),
(18, '4', 'A-33'),
(19, '4', 'A-34'),
(28, '5', 'A-42'),
(29, '5', 'A-43'),
(30, '5', 'A-44'),
(6, '3', 'A24'),
(4, '3', 'AB-02'),
(7, '3', 'B-23'),
(8, '3', 'B-24'),
(20, '4', 'B-33'),
(31, '5', 'B-42'),
(45, '6', 'B-53'),
(44, '6', 'B-54'),
(43, '6', 'B-56'),
(32, '5', 'B43'),
(9, '3', 'C-22'),
(36, '5', 'D-41'),
(35, '5', 'D-42'),
(33, '5', 'D-43'),
(34, '5', 'D-44'),
(46, '6', 'D-51'),
(47, '6', 'D-52'),
(11, '3', 'E-23'),
(21, '4', 'E-31'),
(22, '4', 'E-32'),
(23, '4', 'E-33'),
(37, '5', 'E-42'),
(38, '5', 'E-43'),
(49, '6', 'E-54'),
(48, '6', 'E53'),
(13, '3', 'EF-02'),
(27, '4', 'EF-03'),
(42, '5', 'EF-04'),
(1, '1', 'F-04'),
(14, '3', 'F-22'),
(15, '3', 'F-23'),
(24, '4', 'F-32'),
(25, '4', 'F-33'),
(26, '4', 'F-34'),
(39, '5', 'F-42'),
(40, '5', 'F-43'),
(41, '5', 'F-44');

-- --------------------------------------------------------

--
-- Table structure for table `roomschedule`
--

CREATE TABLE `roomschedule` (
  `schedule_id` int(11) NOT NULL,
  `day` varchar(30) DEFAULT NULL,
  `room_number` varchar(40) DEFAULT NULL,
  `shift_id` int(11) DEFAULT NULL,
  `subject` varchar(100) DEFAULT NULL,
  `slot` varchar(25) NOT NULL
) ENGINE=InnoDB DEFAULT CHARSET=utf8mb4 COLLATE=utf8mb4_general_ci;

--
-- Dumping data for table `roomschedule`
--

INSERT INTO `roomschedule` (`schedule_id`, `day`, `room_number`, `shift_id`, `subject`, `slot`) VALUES
(1, 'Mon', 'D-51', 2, 'ORBD', '10:00-10:50'),
(2, 'MON', 'D-51', 2, 'LS-II', '10:50-11:40'),
(3, 'Mon', 'D-51', 2, 'HRM', '11:40-12:30'),
(4, 'MON', 'D-51', 2, 'MM', '12:30-1:20'),
(5, 'Mon', 'D-51', 2, 'PM', '2:10-3:00'),
(6, 'MON', 'D-51', 2, 'POM', '3:00-3:50'),
(7, 'MON', 'D-51', 2, 'MP', '4:00-4:50'),
(8, 'TUE', 'D-51', 2, 'MM', '10:00-10:50'),
(9, 'TUE', 'D-51', 2, 'ORBD', '10:50-11:40'),
(10, 'TUE', 'D-51', 2, 'FM', '11:40-12:30'),
(11, 'TUE', 'D-51', 2, 'FM', '12:30-1:20'),
(12, 'TUE', 'D-51', 2, 'HRM', '2:10-3:00'),
(13, 'TUE', 'D-51', 2, 'ERP', '3:00-3:50'),
(14, 'TUE', 'D-51', 2, 'MP', '4:00-4:50'),
(15, 'WED', 'D-51', 2, 'WEEKLYTEST', '10:00-10:50'),
(16, 'WED', 'D-51', 2, 'WEEKLYTEST', '10:50-11:40'),
(17, 'WED', 'D-51', 2, 'PM', '11:40-12:30'),
(18, 'WED', 'D-51', 2, 'MM', '12:30-1:20'),
(19, 'WED', 'D-51', 2, 'WINGS', '2:10-3:00'),
(20, 'WED', 'D-51', 2, 'WINGS', '3:00-3:50'),
(21, 'WED', 'D-51', 2, 'WINGS', '4:00-4:50'),
(22, 'THU', 'D-51', 2, 'HRM', '10:00-10:50'),
(23, 'THU', 'D-51', 2, 'ORBD', '10:50-11:40'),
(24, 'THU', 'D-51', 2, 'FM', '11:40-12:30'),
(25, 'THU', 'D-51', 2, 'FM', '12:30-1:20'),
(26, 'THU', 'D-51', 2, 'PM', '2:10-3:00'),
(27, 'THU', 'D-51', 2, 'POM', '3:00-3:50'),
(28, 'THU', 'D-51', 2, 'COUN', '4:00-4:50'),
(29, 'FRI', 'D-51', 2, 'PM', '10:00-10:50'),
(30, 'FRI', 'D-51', 2, 'HRM', '10:50-11:40'),
(31, 'FRI', 'D-51', 2, 'ORBD', '11:40-12:30'),
(32, 'FRI', 'D-51', 2, 'POM', '12:30-1:20'),
(33, 'FRI', 'D-51', 2, 'MOOCS', '2:10-3:00'),
(34, 'FRI', 'D-51', 2, 'SPORTS', '3:00-3:50'),
(35, 'FRI', 'D-51', 2, 'SPORTS', '4:00-4:50'),
(36, 'SAT', 'D-51', 2, 'POM', '10:00-10:50'),
(37, 'SAT', 'D-51', 2, 'LS-II', '10:50-11:40'),
(38, 'SAT', 'D-51', 2, 'MM', '11:40-12:30'),
(39, 'SAT', 'D-51', 2, 'FM', '12:30-1:20'),
(40, 'SAT', 'D-51', 2, 'ORBD', '2:10-3:00'),
(41, 'SAT', 'D-51', 2, 'ERP', '3:00-3:50'),
(42, 'SAT', 'D-51', 2, 'LIBRARY', '4:00-4:50'),
(43, 'MON', 'D-52', 2, 'PM', '10:00-10:50'),
(44, 'MON', 'D-52', 2, 'ORBD', '10:50-11:40'),
(45, 'MON', 'D-52', 2, 'POM', '11:40-12:30'),
(46, 'MON', 'D-52', 2, 'HRM', '12:30-1:20'),
(47, 'MON', 'D-52', 2, 'FM', '2:10-3:00'),
(48, 'MON', 'D-52', 2, 'ERP', '3:00-3:50'),
(49, 'MON', 'D-52', 2, 'LS-II', '4:00-4:50'),
(50, 'TUE', 'D-52', 2, 'ORBD', '10:00-10:50'),
(51, 'TUE', 'D-52', 2, 'POM', '10:50-11:40'),
(52, 'TUE', 'D-52', 2, 'HRM', '11:40-12:30'),
(53, 'TUE', 'D-52', 2, 'FM', '12:30-1:20'),
(54, 'TUE', 'D-52', 2, 'MM', '2:10-3:00'),
(55, 'TUE', 'D-52', 2, 'SPORTS', '3:00-3:50'),
(56, 'TUE', 'D-52', 2, 'SPORTS', '4:00-4:50'),
(57, 'WED', 'D-52', 2, 'WEEKLYTEST', '10:00-10:50'),
(58, 'WED', 'D-52', 2, 'WEEKLYTEST', '10:50-11:40'),
(59, 'WED', 'D-52', 2, 'MP', '11:40-12:30'),
(60, 'WED', 'D-52', 2, 'COU', '12:30-1:20'),
(61, 'WED', 'D-52', 2, 'WINGS', '2:10-3:00'),
(62, 'WED', 'D-52', 2, 'WINGS', '3:00-3:50'),
(63, 'WED', 'D-52', 2, 'WINGS', '4:00-4:50'),
(64, 'THU', 'D-52', 2, 'FM', '10:00-10:50'),
(65, 'THU', 'D-52', 2, 'PM', '10:50-11:40'),
(66, 'THU', 'D-52', 2, 'ORBD', '11:40-12:30'),
(67, 'THU', 'D-52', 2, 'POM', '12:30-1:20'),
(68, 'THU', 'D-52', 2, 'HRM', '2:10-3:00'),
(69, 'THU', 'D-52', 2, 'MM', '3:00-3:50'),
(70, 'THU', 'D-52', 2, 'MOOCS', '4:00-4:50'),
(71, 'FRI', 'D-52', 2, 'MM', '10:00-10:50'),
(72, 'FRI', 'D-52', 2, 'FM', '10:50-11:40'),
(73, 'FRI', 'D-52', 2, 'POM', '11:40-12:30'),
(74, 'FRI', 'D-52', 2, 'ORBD', '12:30-1:20'),
(75, 'FRI', 'D-52', 2, 'PM', '2:10-3:00'),
(76, 'FRI', 'D-52', 2, 'PM', '3:00-3:50'),
(77, 'FRI', 'D-52', 2, 'MP', '4:00-4:50'),
(78, 'SAT', 'D-52', 2, 'HRM', '10:00-10:50'),
(79, 'SAT', 'D-52', 2, 'MM', '10:50-11:40'),
(80, 'SAT', 'D-52', 2, 'FM', '11:40-12:30'),
(81, 'SAT', 'D-52', 2, 'ORBD', '12:30-1:20'),
(82, 'SAT', 'D-52', 2, 'ERP', '2:10-3:00'),
(83, 'SAT', 'D-52', 2, 'LS-II', '3:00-3:50'),
(84, 'SAT', 'D-52', 2, 'LIBRARY', '4:00-4:50'),
(85, 'MON', 'F-42', 2, 'DBMS-LAB', '10:00-10:50'),
(86, 'MON', 'F-42', 2, 'DBMS-LAB', '10:50-11:40'),
(87, 'MON', 'F-42', 2, 'DBMS-LAB', '11:40-12:30'),
(88, 'MON', 'F-42', 2, 'PP', '12:30-1:20'),
(89, 'MON', 'F-42', 2, 'CN', '2:10-3:00'),
(90, 'MON', 'F-42', 2, 'DBMS', '3:00-3:50'),
(91, 'MON', 'F-42', 2, 'OOAD', '4:00-4:50'),
(92, 'TUE', 'F-42', 2, 'DBMS', '10:00-10:50'),
(93, 'TUE', 'F-42', 2, 'CSS', '10:50-11:40'),
(94, 'TUE', 'F-42', 2, 'PP', '11:40-12:30'),
(95, 'TUE', 'F-42', 2, 'DWDM', '12:30-1:20'),
(96, 'TUE', 'F-42', 2, 'DBMS', '2:10-3:00'),
(97, 'TUE', 'F-42', 2, 'PP', '3:00-3:50'),
(98, 'TUE', 'F-42', 2, 'CM', '4:00-4:50'),
(99, 'WED', 'F-42', 2, 'WEEKLYTEST', '10:00-10:50'),
(100, 'WED', 'F-42', 2, 'WEEKLYTEST', '10:50-11:40'),
(101, 'WED', 'F-42', 2, 'CN', '11:40-12:30'),
(102, 'WED', 'F-42', 2, 'DBMS', '12:30-1:20'),
(103, 'WED', 'F-42', 2, 'OOAD', '2:10-3:00'),
(104, 'WED', 'F-42', 2, 'OOAD', '3:00-3:50'),
(105, 'WED', 'F-42', 2, 'DWDM', '4:00-4:50'),
(106, 'THU', 'F-42', 2, 'PP', '10:00-10:50'),
(107, 'THU', 'F-42', 2, 'CSS', '10:50-11:40'),
(108, 'THU', 'F-42', 2, 'DWDM', '11:40-12:30'),
(109, 'THU', 'F-42', 2, 'WEB DESIGNING LAB', '12:30-1:20'),
(110, 'THU', 'F-42', 2, 'WEB DESIGNING LAB', '2:10-3:00'),
(111, 'THU', 'F-42', 2, 'WEB DESIGNING LAB', '3:00-3:50'),
(112, 'THU', 'F-42', 2, 'SPORTS', '4:00-4:50'),
(113, 'FRI', 'F-42', 2, 'DWDM-LAB', '10:00-10:50'),
(114, 'FRI', 'F-42', 2, 'DWDM-LAB', '10:50-11:40'),
(115, 'FRI', 'F-42', 2, 'DWDM-LAB', '11:40-12:30'),
(116, 'FRI', 'F-42', 2, 'OOAD', '12:30-1:20'),
(117, 'FRI', 'F-42', 2, 'CN', '2:10-3:00'),
(118, 'FRI', 'F-42', 2, 'PP', '3:00-3:50'),
(119, 'FRI', 'F-42', 2, 'MINI-PROJECT', '4:00-4:50'),
(120, 'SAT', 'F-42', 2, 'CSS', '10:00-10:50'),
(121, 'SAT', 'F-42', 2, 'CN', '10:50-11:40'),
(122, 'SAT', 'F-42', 2, 'DWDM', '11:40-12:30'),
(123, 'SAT', 'F-42', 2, 'OOAD', '12:30-1:20'),
(124, 'SAT', 'F-42', 2, 'DBMS', '2:10-3:00'),
(125, 'SAT', 'F-42', 2, 'DWDM', '3:00-3:50'),
(126, 'SAT', 'F-42', 2, 'COUN', '4:00-4:50'),
(127, 'MON', 'F-43', 2, 'DWDM', '10:00-10:50'),
(128, 'MON', 'F-43', 2, 'CSS', '10:50-11:40'),
(129, 'MON', 'F-43', 2, 'PP', '11:40-12:30'),
(130, 'MON', 'F-43', 2, 'DBMS', '12:30-1:20'),
(131, 'MON', 'F-43', 2, 'OOAD', '2:10-3:00'),
(132, 'MON', 'F-43', 2, 'CN', '3:00-3:50'),
(133, 'MON', 'F-43', 2, 'MINI-PROJECT', '4:00-4:50'),
(134, 'TUE', 'F-43', 2, 'DWDM-LAB', '10:00-10:50'),
(135, 'TUE', 'F-43', 2, 'DWDM-LAB', '10:50-11:40'),
(136, 'TUE', 'F-43', 2, 'DWDM-LAB', '11:40-12:30'),
(137, 'TUE', 'F-43', 2, 'OOAD', '12:30-1:20'),
(138, 'TUE', 'F-43', 2, 'PP', '2:10-3:00'),
(139, 'TUE', 'F-43', 2, 'DBMS', '3:00-3:50'),
(140, 'TUE', 'F-43', 2, 'SPORTS', '4:00-4:50'),
(141, 'WED', 'F-43', 2, 'WEEKLYTEST', '10:00-10:50'),
(142, 'WED', 'F-43', 2, 'WEEKLYTEST', '10:50-11:40'),
(143, 'WED', 'F-43', 2, 'DBMS', '11:40-12:30'),
(144, 'WED', 'F-43', 2, 'PP', '12:30-1:20'),
(145, 'WED', 'F-43', 2, 'CN', '2:10-3:00'),
(146, 'WED', 'F-43', 2, 'DWDM', '3:00-3:50'),
(147, 'WED', 'F-43', 2, 'OOAD', '4:00-4:50'),
(148, 'THU', 'F-43', 2, 'CSS', '10:00-10:50'),
(149, 'THU', 'F-43', 2, 'PP', '10:50-11:40'),
(150, 'THU', 'F-43', 2, 'CN', '11:40-12:30'),
(151, 'THU', 'F-43', 2, 'DWDM', '12:30-1:20'),
(152, 'THU', 'F-43', 2, 'DBMS', '2:10-3:00'),
(153, 'THU', 'F-43', 2, 'DWDM', '3:00-3:50'),
(154, 'THU', 'F-43', 2, 'COUN', '4:00-4:50'),
(155, 'FRI', 'F-43', 2, 'OOAD', '10:00-10:50'),
(156, 'FRI', 'F-43', 2, 'OOAD', '10:50-11:40'),
(157, 'FRI', 'F-43', 2, 'CSS', '11:40-12:30'),
(158, 'FRI', 'F-43', 2, 'DBMS-LAB', '12:30-1:20'),
(159, 'FRI', 'F-43', 2, 'DBMS_LAB', '2:10-3:00'),
(160, 'FRI', 'F-43', 2, 'DBMS_LAB', '3:00-3:50'),
(161, 'FRI', 'F-43', 2, 'CN', '4:00-4:50'),
(162, 'SAT', 'F-43', 2, 'WEB DESIGNING LAB', '10:00-10:50'),
(163, 'SAT', 'F-43', 2, 'WEB DESIGNING LAB', '10:50-11:40'),
(164, 'SAT', 'F-43', 2, 'WEB DESIGNING LAB', '11:40-12:30'),
(165, 'SAT', 'F-43', 2, 'DWDM', '12:30-1:20'),
(166, 'SAT', 'F-43', 2, 'CN', '2:10-3:00'),
(167, 'SAT', 'F-43', 2, 'DBMS', '3:00-3:50'),
(168, 'SAT', 'F-43', 2, 'PP', '4:00-4:50'),
(169, 'MON', 'F-44', 2, 'CSS', '10:00-10:50'),
(170, 'MON', 'F-44', 2, 'CN', '10:50-11:40'),
(171, 'MON', 'F-44', 2, 'OOAD', '11:40-12:30'),
(172, 'MON', 'F-44', 2, 'DWDM-LAB', '12:30-1:20'),
(173, 'MON', 'F-44', 2, 'DWDM-LAB', '2:10-3:00'),
(174, 'MON', 'F-44', 2, 'DWDM-LAB', '3:00-3:50'),
(175, 'MON', 'F-44', 2, 'SPORTS', '4:00-4:50'),
(176, 'TUE', 'F-44', 2, 'PP', '10:00-10:50'),
(177, 'TUE', 'F-44', 2, 'DBMS', '10:50-11:40'),
(178, 'TUE', 'F-44', 2, 'CN', '11:40-12:30'),
(179, 'TUE', 'F-44', 2, 'WEB DESIGNING LAB', '12:30-1:20'),
(180, 'TUE', 'F-44', 2, 'WEB DESIGNING LAB', '2:10-3:00'),
(181, 'TUE', 'F-44', 2, 'WEB DESIGNING LAB', '3:00-3:50'),
(182, 'TUE', 'F-44', 2, 'DWDM', '4:00-4:50'),
(183, 'WED', 'F-44', 2, 'WEEKLYTEST', '10:00-10:50'),
(184, 'WED', 'F-44', 2, 'WEEKLYTEST', '10:50-11:40'),
(185, 'WED', 'F-44', 2, 'PP', '11:40-12:30'),
(186, 'WED', 'F-44', 2, 'CN', '12:30-1:20'),
(187, 'WED', 'F-44', 2, 'DWDM', '2:10-3:00'),
(188, 'WED', 'F-44', 2, 'DBMS', '3:00-3:50'),
(189, 'WED', 'F-44', 2, 'MINI PROJECT', '4:00-4:50'),
(190, 'THU', 'F-44', 2, 'DBMS LAB', '10:00-10:50'),
(191, 'THU', 'F-44', 2, 'DBMS LAB', '10:50-11:40'),
(192, 'THU', 'F-44', 2, 'DBMS LAB', '11:40-12:30'),
(193, 'THU', 'F-44', 2, 'CN', '12:30-1:20'),
(194, 'THU', 'F-44', 2, 'DWDM', '2:10-3:00'),
(195, 'THU', 'F-44', 2, 'DBMS', '3:00-3:50'),
(196, 'THU', 'F-44', 2, 'OOAD', '4:00-4:50'),
(197, 'FRI', 'F-44', 2, 'PP', '10:00-10:50'),
(198, 'FRI', 'F-44', 2, 'CSS', '10:50-11:40'),
(199, 'FRI', 'F-44', 2, 'DBMS', '11:40-12:30'),
(200, 'FRI', 'F-44', 2, 'PP', '12:30-1:20'),
(201, 'FRI', 'F-44', 2, 'OOAD', '2:10-3:00'),
(202, 'FRI', 'F-44', 2, 'DWDM', '3:00-3:50'),
(203, 'FRI', 'F-44', 2, 'COUM', '4:00-4:50'),
(204, 'SAT', 'F-44', 2, 'DWDM', '10:00-10:50'),
(205, 'SAT', 'F-44', 2, 'CSS', '10:50-11:40'),
(206, 'SAT', 'F-44', 2, 'DBMS', '11:40-12:30'),
(207, 'SAT', 'F-44', 2, 'CM', '12:30-1:20'),
(208, 'SAT', 'F-44', 2, 'PP', '2:10-3:00'),
(209, 'SAT', 'F-44', 2, 'OOAD', '3:00-3:50'),
(210, 'SAT', 'F-44', 2, 'OOAD', '4:00-4:50'),
(218, 'MON', 'E53', 2, 'A&DC', '10:00-10:50'),
(219, 'MON', 'E53', 2, 'SS', '10:50-11:40'),
(220, 'MON', 'E53', 2, 'DBMS', '11:40-12:30'),
(221, 'MON', 'E53', 2, 'ACD', '12:30-1:20'),
(222, 'MON', 'E53', 2, 'MEFA', '2:10-3:00'),
(223, 'MON', 'E53', 2, 'DT&I', '3:00-3:50'),
(224, 'MON', 'E53', 2, 'DT&I', '4:00-4:50'),
(225, 'TUE', 'E53', 2, 'DBMS', '10:00-10:50'),
(226, 'TUE', 'E53', 2, 'DBMS', '10:50-11:40'),
(227, 'TUE', 'E53', 2, 'ACD', '11:40-12:30'),
(228, 'TUE', 'E53', 2, 'SS', '12:30-1:20'),
(229, 'TUE', 'E53', 2, 'LIBRARY', '2:10-3:00'),
(230, 'TUE', 'E53', 2, 'MEFA', '3:00-3:50'),
(231, 'TUE', 'E53', 2, 'SPORTS', '4:00-4:50'),
(232, 'WED', 'E53', 2, 'WEEKLY TEST', '10:00-10:50'),
(233, 'WED', 'E53', 2, 'WEEKLY TEST', '10:50-11:40'),
(234, 'WED', 'E53', 2, 'ACD LAB / DBMS LAB', '11:40-12:30'),
(235, 'WED', 'E53', 2, 'ACD LAB / DBMS LAB', '12:30-1:20'),
(236, 'WED', 'E53', 2, 'ACD LAB / DBMS LAB', '2:10-3:00'),
(237, 'WED', 'E53', 2, 'A&DC', '3:00-3:50'),
(238, 'WED', 'E53', 2, 'COU', '4:00-4:50'),
(239, 'THU', 'E53', 2, 'ACD', '10:00-10:50'),
(240, 'THU', 'E53', 2, 'A&DC', '10:50-11:40'),
(241, 'THU', 'E53', 2, 'DBMS LAB / ACD LAB', '11:40-12:30'),
(242, 'THU', 'E53', 2, 'DBMS LAB / ACD LAB', '12:30-1:20'),
(243, 'THU', 'E53', 2, 'DBMS LAB / ACD LAB', '2:10-3:00'),
(244, 'THU', 'E53', 2, 'SS', '3:00-3:50'),
(245, 'THU', 'E53', 2, 'MEFA', '4:00-4:50'),
(246, 'FRI', 'E53', 2, 'DBMS', '10:00-10:50'),
(247, 'FRI', 'E53', 2, 'DBMS', '10:50-11:40'),
(248, 'FRI', 'E53', 2, 'MEFA', '11:40-12:30'),
(249, 'FRI', 'E53', 2, 'SS', '12:30-1:20'),
(250, 'FRI', 'E53', 2, 'A&DC', '2:10-3:00'),
(251, 'FRI', 'E53', 2, 'ACD', '3:00-3:50'),
(252, 'FRI', 'E53', 2, 'ADC', '4:00-4:50'),
(253, 'SAT', 'E53', 2, 'SS', '10:00-10:50'),
(254, 'SAT', 'E53', 2, 'ACD', '10:50-11:40'),
(255, 'SAT', 'E53', 2, 'FSD-I LAB / FSD-I LAB', '11:40-12:30'),
(256, 'SAT', 'E53', 2, 'FSD-I LAB / FSD-I LAB', '12:30-1:20'),
(257, 'SAT', 'E53', 2, 'FSD-I LAB / FSD-I LAB', '2:10-3:00'),
(258, 'SAT', 'E53', 2, 'DT&I', '3:00-3:50'),
(259, 'SAT', 'E53', 2, 'S&I', '4:00-4:50'),
(260, 'MON', 'E-54', 1, 'DWDM', '8:00-8:50'),
(261, 'MON', 'E-54', 1, 'DWDM', '8:50-9:40'),
(262, 'MON', 'E-54', 1, 'NODE IS / NODE IS', '10:00-10:50'),
(263, 'MON', 'E-54', 1, 'NODE IS / NODE IS', '10:50-11:40'),
(264, 'MON', 'E-54', 1, 'NODE IS / NODE IS', '11:40-12:30'),
(265, 'MON', 'E-54', 1, 'VLSI', '1:20-2:10'),
(266, 'MON', 'E-54', 1, 'IOT&A', '2:10-3:00'),
(267, 'TUE', 'E-54', 1, 'VLSI', '8:00-8:50'),
(268, 'TUE', 'E-54', 1, 'IOT&A', '8:50-9:40'),
(269, 'TUE', 'E-54', 1, 'DAA', '10:00-10:50'),
(270, 'TUE', 'E-54', 1, 'VAC / ADC', '10:50-11:40'),
(271, 'TUE', 'E-54', 1, 'VLSI LAB / IOT LAB', '11:40-12:30'),
(272, 'TUE', 'E-54', 1, 'VLSI LAB / IOT LAB', '1:20-2:10'),
(273, 'TUE', 'E-54', 1, 'VLSI LAB / IOT LAB', '2:10-3:00'),
(274, 'WED', 'E-54', 1, 'WEEKLY TEST', '8:00-8:50'),
(275, 'WED', 'E-54', 1, 'WEEKLY TEST', '8:50-9:40'),
(276, 'WED', 'E-54', 1, 'AI', '10:00-10:50'),
(277, 'WED', 'E-54', 1, 'SE', '10:50-11:40'),
(278, 'WED', 'E-54', 1, 'DAA', '11:40-12:30'),
(279, 'WED', 'E-54', 1, 'IOT&A', '1:20-2:10'),
(280, 'WED', 'E-54', 1, 'VLSI', '2:10-3:00'),
(281, 'THU', 'E-54', 1, 'DWDM', '8:00-8:50'),
(282, 'THU', 'E-54', 1, 'DWDM', '8:50-9:40'),
(283, 'THU', 'E-54', 1, 'DAA', '10:00-10:50'),
(284, 'THU', 'E-54', 1, 'AI', '10:50-11:40'),
(285, 'THU', 'E-54', 1, 'MINI PROJ', '11:40-12:30'),
(286, 'THU', 'E-54', 1, 'IOT&A', '1:20-2:10'),
(287, 'THU', 'E-54', 1, 'SPORTS', '2:10-3:00'),
(288, 'FRI', 'E-54', 1, 'DAA', '8:00-8:50'),
(289, 'FRI', 'E-54', 1, 'IOT LAB / VLSI LAB', '8:50-9:40'),
(290, 'FRI', 'E-54', 1, 'IOT LAB / VLSI LAB', '10:00-10:50'),
(291, 'FRI', 'E-54', 1, 'SE', '10:50-11:40'),
(292, 'FRI', 'E-54', 1, 'VLSI', '11:40-12:30'),
(293, 'FRI', 'E-54', 1, 'SE / AI', '1:20-2:10'),
(294, 'SAT', 'E-54', 1, 'IOT&A', '8:00-8:50'),
(295, 'SAT', 'E-54', 1, 'DWDM', '8:50-9:40'),
(296, 'SAT', 'E-54', 1, 'AI', '10:00-10:50'),
(297, 'SAT', 'E-54', 1, 'VLSI', '10:50-11:40'),
(298, 'SAT', 'E-54', 1, 'LIBRARY', '11:40-12:30'),
(299, 'SAT', 'E-54', 1, 'DAA', '1:20-2:10'),
(300, 'SAT', 'E-54', 1, 'COUN', '2:10-3:00'),
(301, 'MON', 'EF-03', 1, 'DSP', '8:00-8:50'),
(302, 'MON', 'EF-03', 1, 'WEB TECH', '8:50-9:40'),
(303, 'MON', 'EF-03', 2, 'JAVA', '10:00-10:50'),
(304, 'MON', 'EF-03', 2, 'ES', '10:50-11:40'),
(305, 'MON', 'EF-03', 2, 'VLSI LAB/ DSP LAB', '11:40-12:30'),
(306, 'MON', 'EF-03', 2, 'VLSI LAB / DSP LAB', '1:20-2:10'),
(307, 'MON', 'EF-03', 2, 'VLSI LAB / DSP LAB', '2:10-3:00'),
(308, 'TUE', 'EF-03', 1, 'JAVA', '8:00-8:50'),
(309, 'TUE', 'EF-03', 1, 'VLSI DESIGN', '8:50-9:40'),
(310, 'TUE', 'EF-03', 2, 'DSP', '10:00-10:50'),
(311, 'TUE', 'EF-03', 2, 'ES', '10:50-11:40'),
(312, 'TUE', 'EF-03', 2, 'ES', '11:40-12:30'),
(313, 'TUE', 'EF-03', 2, 'MWOC', '1:20-2:10'),
(314, 'TUE', 'EF-03', 2, 'LIB/COU', '2:10-3:00'),
(315, 'WED', 'EF-03', 1, 'WEEKLY TEST', '8:00-8:50'),
(316, 'WED', 'EF-03', 1, 'WEEKLY TEST', '8:50-9:40'),
(317, 'WED', 'EF-03', 2, 'VLSI DESIGN', '10:00-10:50'),
(318, 'WED', 'EF-03', 2, 'DSP', '10:50-11:40'),
(319, 'WED', 'EF-03', 2, 'DSP LAB / MWOC LAB', '11:40-12:30'),
(320, 'WED', 'EF-03', 2, 'DSP LAB / MWOC LAB', '1:20-2:10'),
(321, 'WED', 'EF-03', 2, 'DSP LAB / MWOC LAB', '2:10-3:00'),
(322, 'THU', 'EF-03', 1, 'MWOC', '8:00-8:50'),
(323, 'THU', 'EF-03', 1, 'MWOC', '8:50-9:40'),
(324, 'THU', 'EF-03', 2, 'ES', '10:00-10:50'),
(325, 'THU', 'EF-03', 2, 'JAVA', '10:50-11:40'),
(326, 'THU', 'EF-03', 2, 'VLSI DESIGN', '11:40-12:30'),
(327, 'THU', 'EF-03', 2, 'JAVA', '1:20-2:10'),
(328, 'THU', 'EF-03', 2, 'LIB/COU', '2:10-3:00'),
(329, 'FRI', 'EF-03', 1, 'VLSI DESIGN', '8:00-8:50'),
(330, 'FRI', 'EF-03', 1, 'WEB TECH', '8:50-9:40'),
(331, 'FRI', 'EF-03', 2, 'ES', '10:00-10:50'),
(332, 'FRI', 'EF-03', 2, 'DSP', '10:50-11:40'),
(333, 'FRI', 'EF-03', 2, 'MWOC LAB / VLSI LAB', '11:40-12:30'),
(334, 'FRI', 'EF-03', 2, 'MWOC LAB / VLSI LAB', '1:20-2:10'),
(335, 'FRI', 'EF-03', 2, 'MWOC LAB / VLSI LAB', '2:10-3:00'),
(336, 'SAT', 'EF-03', 1, 'WEB TECH', '8:00-8:50'),
(337, 'SAT', 'EF-03', 1, 'VLSI DESIGN', '8:50-9:40'),
(338, 'SAT', 'EF-03', 2, 'MWOC', '10:00-10:50'),
(339, 'SAT', 'EF-03', 2, 'MWOC', '10:50-11:40'),
(340, 'SAT', 'EF-03', 2, 'DSP', '11:40-12:30'),
(341, 'SAT', 'EF-03', 2, 'JAVA', '1:20-2:10'),
(342, 'SAT', 'EF-03', 2, 'SPORTS', '2:10-3:00'),
(343, 'MON', 'F-04', 1, 'DSS', '8:00-8:50'),
(344, 'MON', 'F-04', 1, 'GES', '8:50-9:40'),
(345, 'MON', 'F-04', 2, 'ETC', '10:00-10:50'),
(346, 'MON', 'F-04', 2, 'ETC', '10:50-11:40'),
(347, 'MON', 'F-04', 2, 'AMUS LAB', '11:40-12:30'),
(348, 'MON', 'F-04', 2, 'AMUS LAB', '1:20-2:10'),
(349, 'MON', 'F-04', 2, 'AMUS LAB', '2:10-3:00'),
(350, 'TUE', 'F-04', 1, 'GES', '8:00-8:50'),
(351, 'TUE', 'F-04', 1, 'CTM', '8:50-9:40'),
(352, 'TUE', 'F-04', 2, 'DSS', '10:00-10:50'),
(353, 'TUE', 'F-04', 2, 'DSS', '10:50-11:40'),
(354, 'TUE', 'F-04', 2, 'EG LAB', '11:40-12:30'),
(355, 'TUE', 'F-04', 2, 'EG LAB', '1:20-2:10'),
(356, 'TUE', 'F-04', 2, 'EG LAB', '2:10-3:00'),
(357, 'WED', 'F-04', 1, 'WEEKLY TEST', '8:00-8:50'),
(358, 'WED', 'F-04', 1, 'WEEKLY TEST', '8:50-9:40'),
(359, 'WED', 'F-04', 2, 'ERP', '10:00-10:50'),
(360, 'WED', 'F-04', 2, 'ERP', '10:50-11:40'),
(361, 'WED', 'F-04', 2, 'QE&PM LAB', '11:40-12:30'),
(362, 'WED', 'F-04', 2, 'QE&PM LAB', '1:20-2:10'),
(363, 'WED', 'F-04', 2, 'QE&PM LAB', '2:10-3:00'),
(364, 'THU', 'F-04', 1, 'DSS', '8:00-8:50'),
(365, 'THU', 'F-04', 1, 'DSS', '8:50-9:40'),
(366, 'THU', 'F-04', 2, 'GES', '10:00-10:50'),
(367, 'THU', 'F-04', 2, 'GES', '10:50-11:40'),
(368, 'THU', 'F-04', 2, 'CTM', '11:40-12:30'),
(369, 'THU', 'F-04', 2, 'CTM', '1:20-2:10'),
(370, 'THU', 'F-04', 2, 'COU', '2:10-3:00'),
(371, 'FRI', 'F-04', 1, 'PC', '8:00-8:50'),
(372, 'FRI', 'F-04', 1, 'PC', '8:50-9:40'),
(373, 'FRI', 'F-04', 2, 'CTM', '10:00-10:50'),
(374, 'FRI', 'F-04', 2, 'CTM', '10:50-11:40'),
(375, 'FRI', 'F-04', 2, 'ETC', '11:40-12:30'),
(376, 'FRI', 'F-04', 2, 'ETC', '1:20-2:10'),
(377, 'FRI', 'F-04', 2, 'ETC', '2:10-3:00'),
(378, 'SAT', 'F-04', 1, 'PC', '8:00-8:50'),
(379, 'SAT', 'F-04', 1, 'GES', '8:50-9:40'),
(380, 'SAT', 'F-04', 2, 'UHV&PE', '10:00-10:50'),
(381, 'SAT', 'F-04', 2, 'UHV&PE', '10:50-11:40'),
(382, 'SAT', 'F-04', 2, 'PC', '11:40-12:30'),
(383, 'SAT', 'F-04', 2, 'PC', '1:20-2:10'),
(384, 'SAT', 'F-04', 2, 'SPORTS', '2:10-3:00'),
(385, 'MON', 'F-32', 1, 'ACS', '8:00-8:50'),
(386, 'MON', 'F-32', 1, 'ACS', '8:50-9:40'),
(387, 'MON', 'F-32', 2, 'R&AC', '10:00-10:50'),
(388, 'MON', 'F-32', 2, 'DMM-II', '10:50-11:40'),
(389, 'MON', 'F-32', 2, 'I&M', '11:40-12:30'),
(390, 'MON', 'F-32', 2, 'FAIML', '1:20-2:10'),
(391, 'MON', 'F-32', 2, 'LIBRARY', '2:10-3:00'),
(392, 'TUE', 'F-32', 1, 'HT', '8:00-8:50'),
(393, 'TUE', 'F-32', 1, 'DMM-II', '8:50-9:40'),
(394, 'TUE', 'F-32', 2, 'LAB-1\\LAB-2', '10:00-10:50'),
(395, 'TUE', 'F-32', 2, 'LAB-1\\LAB-2', '10:50-11:40'),
(396, 'TUE', 'F-32', 2, 'LAB-1\\LAB-2', '11:40-12:30'),
(397, 'TUE', 'F-32', 2, 'R&AC', '1:20-2:10'),
(398, 'TUE', 'F-32', 2, 'I&M', '2:10-3:00'),
(399, 'WED', 'F-32', 1, 'I&M', '8:00-8:50'),
(400, 'WED', 'F-32', 1, 'FAIML', '8:50-9:40'),
(401, 'WED', 'F-32', 2, 'WEEKLY TEST', '10:00-10:50'),
(402, 'WED', 'F-32', 2, 'WEEKLY TEST', '10:50-11:40'),
(403, 'WED', 'F-32', 2, 'R&AC', '11:40-12:30'),
(404, 'WED', 'F-32', 2, 'HT', '1:20-2:10'),
(405, 'WED', 'F-32', 2, 'COU', '2:10-3:00'),
(406, 'THU', 'F-32', 1, 'DMM-II', '8:00-8:50'),
(407, 'THU', 'F-32', 1, 'DMM-II', '8:50-9:40'),
(408, 'THU', 'F-32', 2, 'LAB-2\\LAB-1', '10:00-10:50'),
(409, 'THU', 'F-32', 2, 'LAB-2\\LAB-1', '10:50-11:40'),
(410, 'THU', 'F-32', 2, 'LAB-2\\LAB-1', '11:40-12:30'),
(411, 'THU', 'F-32', 2, 'R&AC', '1:20-2:10'),
(412, 'THU', 'F-32', 2, 'HT', '2:10-3:00'),
(413, 'FRI', 'F-32', 1, 'FAIML', '8:00-8:50'),
(414, 'FRI', 'F-32', 1, 'I&M', '8:50-9:40'),
(415, 'FRI', 'F-32', 2, 'HT', '10:00-10:50'),
(416, 'FRI', 'F-32', 2, 'R&AC', '10:50-11:40'),
(417, 'FRI', 'F-32', 2, 'FAIML', '11:40-12:30'),
(418, 'FRI', 'F-32', 2, 'DMM-II', '1:20-2:10'),
(419, 'FRI', 'F-32', 2, 'I&M', '2:10-3:00'),
(420, 'SAT', 'F-32', 1, 'I&M', '8:00-8:50'),
(421, 'SAT', 'F-32', 1, 'FAIML', '8:50-9:40'),
(422, 'SAT', 'F-32', 2, 'HT', '10:00-10:50'),
(423, 'SAT', 'F-32', 2, 'HT', '10:50-11:40'),
(424, 'SAT', 'F-32', 2, 'R&AC', '11:40-12:30'),
(425, 'SAT', 'F-32', 2, 'DMM-II', '1:20-2:10'),
(426, 'SAT', 'F-32', 2, 'SPORTS', '2:10-3:00'),
(427, 'MON', 'F-33', 1, 'R&AC', '8:00-8:50'),
(428, 'MON', 'F-33', 1, 'HT', '8:50-9:40'),
(429, 'MON', 'F-33', 2, 'I&M', '10:00-10:50'),
(430, 'MON', 'F-33', 2, 'DMM-II', '10:50-11:40'),
(431, 'MON', 'F-33', 2, 'DMM-II', '11:40-12:30'),
(432, 'MON', 'F-33', 2, 'HT', '1:20-2:10'),
(433, 'MON', 'F-33', 2, 'FAIML', '2:10-3:00'),
(434, 'TUE', 'F-33', 1, 'HT', '8:00-8:50'),
(435, 'TUE', 'F-33', 1, 'FAIML', '8:50-9:40'),
(436, 'TUE', 'F-33', 2, 'R&AC', '10:00-10:50'),
(437, 'TUE', 'F-33', 2, 'DMM-II', '10:50-11:40'),
(438, 'TUE', 'F-33', 2, 'DMM-II', '11:40-12:30'),
(439, 'TUE', 'F-33', 2, 'I&M', '1:20-2:10'),
(440, 'TUE', 'F-33', 2, 'LIBRARY', '2:10-3:00'),
(441, 'WED', 'F-33', 1, 'ACS', '8:00-8:50'),
(442, 'WED', 'F-33', 1, 'ACS', '8:50-9:40'),
(443, 'WED', 'F-33', 2, 'WEEKLY TEST', '10:00-10:50'),
(444, 'WED', 'F-33', 2, 'WEEKLY TEST', '10:50-11:40'),
(445, 'WED', 'F-33', 2, 'LAB-1/LAB-2', '11:40-12:30'),
(446, 'WED', 'F-33', 2, 'LAB-1\\LAB-2', '1:20-2:10'),
(447, 'WED', 'F-33', 2, 'LAB-1\\LAB-2', '2:10-3:00'),
(448, 'THU', 'F-33', 1, 'I&M', '8:00-8:50'),
(449, 'THU', 'F-33', 1, 'FAIML', '8:50-9:40'),
(450, 'THU', 'F-33', 2, 'HT', '10:00-10:50'),
(451, 'THU', 'F-33', 2, 'R&AC', '10:50-11:40'),
(452, 'THU', 'F-33', 2, 'R&AC', '11:40-12:30'),
(453, 'THU', 'F-33', 2, 'HT', '1:20-2:10'),
(454, 'THU', 'F-33', 2, 'I&M', '2:10-3:00'),
(455, 'FRI', 'F-33', 1, 'I&M', '8:00-8:50'),
(456, 'FRI', 'F-33', 1, 'FAIML', '8:50-9:40'),
(457, 'FRI', 'F-33', 2, 'LAB-2\\LAB-1', '10:00-10:50'),
(458, 'FRI', 'F-33', 2, 'LAB-2\\LAB-1', '10:50-11:40'),
(459, 'FRI', 'F-33', 2, 'LAB-2\\LAB-1', '11:40-12:30'),
(460, 'FRI', 'F-33', 2, 'R&AC', '1:20-2:10'),
(461, 'FRI', 'F-33', 2, 'COU', '2:10-3:00'),
(462, 'SAT', 'F-33', 1, 'FAIML', '8:00-8:50'),
(463, 'SAT', 'F-33', 1, 'R&AC', '8:50-9:40'),
(464, 'SAT', 'F-33', 2, 'DMM-II', '10:00-10:50'),
(465, 'SAT', 'F-33', 2, 'I&M', '10:50-11:40'),
(466, 'SAT', 'F-33', 2, 'HT', '11:40-12:30'),
(467, 'SAT', 'F-33', 2, 'DMM-II', '1:20-2:10'),
(468, 'SAT', 'F-33', 2, 'SPORTS', '2:10-3:00'),
(469, 'MON', 'A-22', 1, 'NDE', '8:00-8:50'),
(470, 'MON', 'A-22', 1, 'DMM-II', '8:50-9:40'),
(471, 'MON', 'A-22', 2, 'LAB-1/LAB-2', '10:00-10:50'),
(472, 'MON', 'A-22', 2, 'LAB-1/LAB-2', '10:50-11:40'),
(473, 'MON', 'A-22', 2, 'LAB-1/LAB-2', '11:40-12:30'),
(474, 'MON', 'A-22', 2, 'DMM-II', '1:20-2:10'),
(475, 'MON', 'A-22', 2, 'I&M', '2:10-3:00'),
(476, 'TUE', 'A-22', 1, 'I&M', '8:00-8:50'),
(477, 'TUE', 'A-22', 1, 'NDE', '8:50-9:40'),
(478, 'TUE', 'A-22', 2, 'DMM-II', '10:00-10:50'),
(479, 'TUE', 'A-22', 2, 'HT', '10:50-11:40'),
(480, 'TUE', 'A-22', 2, 'HT', '11:40-12:30'),
(481, 'TUE', 'A-22', 2, 'NDE', '1:20-2:10'),
(482, 'TUE', 'A-22', 2, 'FAIML', '2:10-3:00'),
(483, 'WED', 'A-22', 1, 'FAIML', '8:00-8:50'),
(484, 'WED', 'A-22', 1, 'DMM-II', '8:50-9:40'),
(485, 'WED', 'A-22', 2, 'WEEKLY TEST', '10:00-10:50'),
(486, 'WED', 'A-22', 2, 'WEEKLY TEST', '10:50-11:40'),
(487, 'WED', 'A-22', 2, 'I&M', '11:40-12:30'),
(488, 'WED', 'A-22', 2, 'HT', '1:20-2:10'),
(489, 'WED', 'A-22', 2, 'HT', '2:10-3:00'),
(490, 'THU', 'A-22', 1, 'HT', '8:00-8:50'),
(491, 'THU', 'A-22', 1, 'I&M', '8:50-9:40'),
(492, 'THU', 'A-22', 2, 'NDE', '10:00-10:50'),
(493, 'THU', 'A-22', 2, 'HT', '10:50-11:40'),
(494, 'THU', 'A-22', 2, 'DMM-II', '11:40-12:30'),
(495, 'THU', 'A-22', 2, 'FAIML', '1:20-2:10'),
(496, 'THU', 'A-22', 2, 'LIBRARY', '2:10-3:00'),
(497, 'FRI', 'A-22', 1, 'DMM-II', '8:00-8:50'),
(498, 'FRI', 'A-22', 1, 'I&M', '8:50-9:40'),
(499, 'FRI', 'A-22', 2, 'NDE', '10:00-10:50'),
(500, 'FRI', 'A-22', 2, 'FAIML', '10:50-11:40'),
(501, 'FRI', 'A-22', 2, 'FAIML', '11:40-12:30'),
(502, 'FRI', 'A-22', 2, 'I&M', '1:20-2:10'),
(503, 'FRI', 'A-22', 2, 'COU', '2:10-3:00'),
(504, 'SAT', 'A-22', 1, 'ACS', '8:00-8:50'),
(505, 'SAT', 'A-22', 1, 'ACS', '8:50-9:40'),
(506, 'SAT', 'A-22', 2, 'LAB-2/LAB-1', '10:00-10:50'),
(507, 'SAT', 'A-22', 2, 'LAB-2/LAB-1', '10:50-11:40'),
(508, 'SAT', 'A-22', 2, 'LAB-2/LAB-1', '11:40-12:30'),
(509, 'SAT', 'A-22', 2, 'NDE', '1:20-2:10'),
(510, 'SAT', 'A-22', 2, 'SPORTS', '2:10-3:00'),
(518, 'MON', 'A24', 1, 'CNS', '8:00-8:50'),
(519, 'MON', 'A24', 1, 'AI', '8:50-9:40'),
(520, 'MON', 'A24', 2, 'GIT&GITHUB LAB(SKILL)', '10:00-10:50'),
(521, 'MON', 'A24', 2, 'GIT&GITHUB LAB(SKILL)', '10:50-11:40'),
(522, 'MON', 'A24', 2, 'GIT&GITHUB LAB(SKILL)', '11:40-12:30'),
(523, 'MON', 'A24', 2, 'MEFA', '1:20-2:10'),
(524, 'MON', 'A24', 2, 'LIB', '2:10-3:00'),
(525, 'TUE', 'A24', 1, 'UNIX', '8:00-8:50'),
(526, 'TUE', 'A24', 1, 'CNS', '8:50-9:40'),
(527, 'TUE', 'A24', 2, 'MEFA', '10:00-10:50'),
(528, 'TUE', 'A24', 2, 'ML', '10:50-11:40'),
(529, 'TUE', 'A24', 2, 'CNS', '11:40-12:30'),
(530, 'TUE', 'A24', 2, 'AI', '1:20-2:10'),
(531, 'TUE', 'A24', 2, 'COUNS', '2:10-3:00'),
(532, 'WED', 'A24', 1, 'WEEKLY TEST REVISION', '8:00-8:50'),
(533, 'WED', 'A24', 1, 'WEEKLY TEST REVISION', '8:50-9:40'),
(534, 'WED', 'A24', 2, 'WEEKLY TEST', '10:00-10:50'),
(535, 'WED', 'A24', 2, 'WEEKLY TEST', '10:50-11:40'),
(536, 'WED', 'A24', 2, 'UNIX', '11:40-12:30'),
(537, 'WED', 'A24', 2, 'ML', '1:20-2:10'),
(538, 'WED', 'A24', 2, 'IA/ VERBAL SKILLS', '2:10-3:00'),
(539, 'THU', 'A24', 1, 'ML LAB', '8:00-8:50'),
(540, 'THU', 'A24', 1, 'ML LAB', '8:50-9:40'),
(541, 'THU', 'A24', 2, 'ML LAB', '10:00-10:50'),
(542, 'THU', 'A24', 2, 'MEFA', '10:50-11:40'),
(543, 'THU', 'A24', 2, 'CNS', '11:40-12:30'),
(544, 'THU', 'A24', 2, 'UNIX', '1:20-2:10'),
(545, 'THU', 'A24', 2, 'AI', '2:10-3:00'),
(546, 'FRI', 'A24', 1, 'OOAD LAB', '8:00-8:50'),
(547, 'FRI', 'A24', 1, 'OOAD LAB', '8:50-9:40'),
(548, 'FRI', 'A24', 2, 'OOAD LAB', '10:00-10:50'),
(549, 'FRI', 'A24', 2, 'MEFA', '10:50-11:40'),
(550, 'FRI', 'A24', 2, 'UNIX', '11:40-12:30'),
(551, 'FRI', 'A24', 2, 'AI', '1:20-2:10'),
(552, 'FRI', 'A24', 2, 'ML', '2:10-3:00'),
(553, 'SAT', 'A24', 1, 'ML', '8:00-8:50'),
(554, 'SAT', 'A24', 1, 'UNIX', '8:50-9:40'),
(555, 'SAT', 'A24', 2, 'CNS', '10:00-10:50'),
(556, 'SAT', 'A24', 2, 'AI', '10:50-11:40'),
(557, 'SAT', 'A24', 2, 'ML', '11:40-12:30'),
(558, 'SAT', 'A24', 2, 'MEFA', '1:20-2:10'),
(559, 'SAT', 'A24', 2, 'SPORTS', '2:10-3:00'),
(560, 'MON', 'A-31', 1, 'ML LAB', '8:00-8:50'),
(561, 'MON', 'A-31', 1, 'ML LAB', '8:50-9:40'),
(562, 'MON', 'A-31', 2, 'ML LAB', '10:00-10:50'),
(563, 'MON', 'A-31', 2, 'CNS', '10:50-11:40'),
(564, 'MON', 'A-31', 2, 'MEFA', '11:40-12:30'),
(565, 'MON', 'A-31', 2, 'UNIX', '1:20-2:10'),
(566, 'MON', 'A-31', 2, 'ML', '2:10-3:00'),
(567, 'TUE', 'A-31', 1, 'AI', '8:00-8:50'),
(568, 'TUE', 'A-31', 1, 'CNS', '8:50-9:40'),
(569, 'TUE', 'A-31', 2, 'GIT&GITHUB LAB(SKILL)', '10:00-10:50'),
(570, 'TUE', 'A-31', 2, 'GIT&GITHUB LAB(SKILL)', '10:50-11:40'),
(571, 'TUE', 'A-31', 2, 'GIT&GITHUB LAB(SKILL)', '11:40-12:30'),
(572, 'TUE', 'A-31', 2, 'MEFA', '1:20-2:10'),
(573, 'TUE', 'A-31', 2, 'LIB', '2:10-3:00'),
(574, 'WED', 'A-31', 1, 'WEEKLY TEST REVISION', '8:00-8:50'),
(575, 'WED', 'A-31', 1, 'WEEKLY TEST REVISION', '8:50-9:40'),
(576, 'WED', 'A-31', 2, 'WEEKLY TEST', '10:00-10:50'),
(577, 'WED', 'A-31', 2, 'WEEKLY TEST REVISION', '10:50-11:40'),
(578, 'WED', 'A-31', 2, 'ML', '11:40-12:30'),
(579, 'WED', 'A-31', 2, 'AI', '1:20-2:10'),
(580, 'WED', 'A-31', 2, 'CNS', '2:10-3:00'),
(581, 'THU', 'A-31', 1, 'OOAD LAB', '8:00-8:50'),
(582, 'THU', 'A-31', 1, 'OOAD LAB', '8:50-9:40'),
(583, 'THU', 'A-31', 2, 'OOAD LAB', '10:00-10:50'),
(584, 'THU', 'A-31', 2, 'ML', '10:50-11:40'),
(585, 'THU', 'A-31', 2, 'MEFA', '11:40-12:30'),
(586, 'THU', 'A-31', 2, 'UNIX', '1:20-2:10'),
(587, 'THU', 'A-31', 2, 'AI', '2:10-3:00'),
(588, 'FRI', 'A-31', 1, 'CNS', '8:00-8:50'),
(589, 'FRI', 'A-31', 1, 'AI', '8:50-9:40'),
(590, 'FRI', 'A-31', 2, 'MEFA', '10:00-10:50'),
(591, 'FRI', 'A-31', 2, 'IA/ VERBAL SKILLS', '10:50-11:40'),
(592, 'FRI', 'A-31', 2, 'ML', '11:40-12:30'),
(593, 'FRI', 'A-31', 2, 'UNIX', '1:20-2:10'),
(594, 'FRI', 'A-31', 2, 'SPORTS', '2:10-3:00'),
(595, 'SAT', 'A-31', 1, 'UNIX', '8:00-8:50'),
(596, 'SAT', 'A-31', 1, 'ML', '8:50-9:40'),
(597, 'SAT', 'A-31', 2, 'CNS', '10:00-10:50'),
(598, 'SAT', 'A-31', 2, 'AI', '10:50-11:40'),
(599, 'SAT', 'A-31', 2, 'UNIX', '11:40-12:30'),
(600, 'SAT', 'A-31', 2, 'MEFA', '1:20-2:10'),
(601, 'SAT', 'A-31', 2, 'COUNS', '2:10-3:00'),
(602, 'MON', 'A-32', 1, 'CNS', '8:00-8:50'),
(603, 'MON', 'A-32', 1, 'AI', '8:50-9:40'),
(604, 'MON', 'A-32', 2, 'CNS', '10:00-10:50'),
(605, 'MON', 'A-32', 2, 'UNIX', '10:50-11:40'),
(606, 'MON', 'A-32', 2, 'ML', '11:40-12:30'),
(607, 'MON', 'A-32', 2, 'MEFA', '1:20-2:10'),
(608, 'MON', 'A-32', 2, 'COUNS', '2:10-3:00'),
(609, 'TUE', 'A-32', 1, 'OOAD LAB', '8:00-8:50'),
(610, 'TUE', 'A-32', 1, 'OOAD LAB', '8:50-9:40'),
(611, 'TUE', 'A-32', 2, 'OOAD LAB', '10:00-10:50'),
(612, 'TUE', 'A-32', 2, 'MEFA', '10:50-11:40'),
(613, 'TUE', 'A-32', 2, 'AI', '11:40-12:30'),
(614, 'TUE', 'A-32', 2, 'CNS', '1:20-2:10'),
(615, 'TUE', 'A-32', 2, 'UNIX', '2:10-3:00'),
(616, 'WED', 'A-32', 1, 'WEEKLY TEST REVISION', '8:00-8:50'),
(617, 'WED', 'A-32', 1, 'WEEKLY TEST REVISION', '8:50-9:40'),
(618, 'WED', 'A-32', 2, 'WEEKLY TEST', '10:00-10:50'),
(619, 'WED', 'A-32', 2, 'WEEKLY TEST', '10:50-11:40'),
(620, 'WED', 'A-32', 2, 'AI', '11:40-12:30'),
(621, 'WED', 'A-32', 2, 'UNIX', '1:20-2:10'),
(622, 'WED', 'A-32', 2, 'ML', '2:10-3:00'),
(623, 'THU', 'A-32', 1, 'ML', '8:00-8:50'),
(624, 'THU', 'A-32', 1, 'CNS', '8:50-9:40'),
(625, 'THU', 'A-32', 2, 'GIT&GITHUB LAB(SKILL)', '10:00-10:50'),
(626, 'THU', 'A-32', 2, 'GIT&GITHUB LAB(SKILL)', '10:50-11:40'),
(627, 'THU', 'A-32', 2, 'GIT&GITHUB LAB(SKILL)', '11:40-12:30'),
(628, 'THU', 'A-32', 2, 'MEFA', '1:20-2:10'),
(629, 'THU', 'A-32', 2, 'SPORTS', '2:10-3:00'),
(630, 'FRI', 'A-32', 1, 'ML LAB', '8:00-8:50'),
(631, 'FRI', 'A-32', 1, 'ML LAB', '8:50-9:40'),
(632, 'FRI', 'A-32', 2, 'ML LAB', '10:00-10:50'),
(633, 'FRI', 'A-32', 2, 'MEFA', '10:50-11:40'),
(634, 'FRI', 'A-32', 2, 'UNIX', '11:40-12:30'),
(635, 'FRI', 'A-32', 2, 'ML', '1:20-2:10'),
(636, 'FRI', 'A-32', 2, 'LIB', '2:10-3:00'),
(637, 'SAT', 'A-32', 1, 'AI', '8:00-8:50'),
(638, 'SAT', 'A-32', 1, 'UNIX', '8:50-9:40'),
(639, 'SAT', 'A-32', 2, 'MEFA', '10:00-10:50'),
(640, 'SAT', 'A-32', 2, 'ML', '10:50-11:40'),
(641, 'SAT', 'A-32', 2, 'CNS', '11:40-12:30'),
(642, 'SAT', 'A-32', 2, 'AI', '1:20-2:10'),
(643, 'SAT', 'A-32', 2, 'IA/ VERBAL SKILLS', '2:10-3:00'),
(644, 'MON', 'A-33', 1, 'OOAD LAB', '8:00-8:50'),
(645, 'MON', 'A-33', 1, 'OOAD LAB', '8:50-9:40'),
(646, 'MON', 'A-33', 2, 'OOAD LAB', '10:00-10:50'),
(647, 'MON', 'A-33', 2, 'CNS', '10:50-11:40'),
(648, 'MON', 'A-33', 2, 'AI', '11:40-12:30'),
(649, 'MON', 'A-33', 2, 'MEFA', '1:20-2:10'),
(650, 'MON', 'A-33', 2, 'ML', '2:10-3:00'),
(651, 'TUE', 'A-33', 1, 'ML LAB', '8:00-8:50'),
(652, 'TUE', 'A-33', 1, 'ML LAB', '8:50-9:40'),
(653, 'TUE', 'A-33', 2, 'ML LAB', '10:00-10:50'),
(654, 'TUE', 'A-33', 2, 'UNIX', '10:50-11:40'),
(655, 'TUE', 'A-33', 2, 'ML', '11:40-12:30'),
(656, 'TUE', 'A-33', 2, 'MEFA', '1:20-2:10'),
(657, 'TUE', 'A-33', 2, 'CNS', '2:10-3:00'),
(658, 'WED', 'A-33', 1, 'WEEKLY TEST REVISION', '8:00-8:50'),
(659, 'WED', 'A-33', 1, 'WEEKLY TEST REVISION', '8:50-9:40'),
(660, 'WED', 'A-33', 2, 'WEEKLY TEST', '10:00-10:50'),
(661, 'WED', 'A-33', 2, 'WEEKLY TEST', '10:50-11:40'),
(662, 'WED', 'A-33', 2, 'CNS', '11:40-12:30'),
(663, 'WED', 'A-33', 2, 'UNIX', '1:20-2:10'),
(664, 'WED', 'A-33', 2, 'SPORTS', '2:10-3:00'),
(665, 'THU', 'A-33', 1, 'UNIX', '8:00-8:50'),
(666, 'THU', 'A-33', 1, 'AI', '8:50-9:40'),
(667, 'THU', 'A-33', 2, 'CNS', '10:00-10:50'),
(668, 'THU', 'A-33', 2, 'ML', '10:50-11:40'),
(669, 'THU', 'A-33', 2, 'MEFA', '11:40-12:30'),
(670, 'THU', 'A-33', 2, 'AI', '1:20-2:10'),
(671, 'THU', 'A-33', 2, 'LIB', '2:10-3:00'),
(672, 'FRI', 'A-33', 1, 'ML', '8:00-8:50'),
(673, 'FRI', 'A-33', 1, 'AI', '8:50-9:40'),
(674, 'FRI', 'A-33', 2, 'GIT&GITHUB LAB(SKILL)', '10:00-10:50'),
(675, 'FRI', 'A-33', 2, 'GIT&GITHUB LAB(SKILL)', '10:50-11:40'),
(676, 'FRI', 'A-33', 2, 'GIT&GITHUB LAB(SKILL)', '11:40-12:30'),
(677, 'FRI', 'A-33', 2, 'MEFA', '1:20-2:10'),
(678, 'FRI', 'A-33', 2, 'UNIX', '2:10-3:00'),
(679, 'SAT', 'A-33', 1, 'AI', '8:00-8:50'),
(680, 'SAT', 'A-33', 1, 'ML', '8:50-9:40'),
(681, 'SAT', 'A-33', 2, 'MEFA', '10:00-10:50'),
(682, 'SAT', 'A-33', 2, 'UNIX', '10:50-11:40'),
(683, 'SAT', 'A-33', 2, 'CNS', '11:40-12:30'),
(684, 'SAT', 'A-33', 2, 'COUNS', '1:20-2:10'),
(685, 'SAT', 'A-33', 2, 'IA/ VERBAL SKILLS', '2:10-3:00'),
(819, 'MON', 'B43', 2, 'FSD', '10:00-10:50'),
(820, 'MON', 'B43', 2, 'FSD', '10:50-11:40'),
(821, 'MON', 'B43', 2, 'SMDS', '11:40-12:30'),
(822, 'MON', 'B43', 2, 'PAI', '12:30-1:20'),
(823, 'MON', 'B43', 2, 'DS LAB', '2:10-3:00'),
(824, 'MON', 'B43', 2, 'DS LAB', '3:00-3:50'),
(825, 'MON', 'B43', 2, 'DS LAB', '4:00-4:50'),
(826, 'TUE', 'B43', 2, 'DLCO', '10:00-10:50'),
(827, 'TUE', 'B43', 2, 'PAI', '10:50-11:40'),
(828, 'TUE', 'B43', 2, 'DTI', '11:40-12:30'),
(829, 'TUE', 'B43', 2, 'DTI', '12:30-1:20'),
(830, 'TUE', 'B43', 2, 'IDS', '2:10-3:00'),
(831, 'TUE', 'B43', 2, 'MEFA', '3:00-3:50'),
(832, 'TUE', 'B43', 2, 'DLCO', '4:00-4:50'),
(833, 'WED', 'B43', 2, 'WEEKLY TEST', '10:00-10:50'),
(834, 'WED', 'B43', 2, 'WEEKLY TEST', '10:50-11:40'),
(835, 'WED', 'B43', 2, 'MEFA', '11:40-12:30'),
(836, 'WED', 'B43', 2, 'IDS', '12:30-1:20'),
(837, 'WED', 'B43', 2, 'PAI', '2:10-3:00'),
(838, 'WED', 'B43', 2, 'DLCO', '3:00-3:50'),
(839, 'WED', 'B43', 2, 'LCS', '4:00-4:50'),
(840, 'THU', 'B43', 2, 'SMDS', '10:00-10:50'),
(841, 'THU', 'B43', 2, 'VS', '10:50-11:40'),
(842, 'THU', 'B43', 2, 'DLCO', '11:40-12:30'),
(843, 'THU', 'B43', 2, 'IDS', '12:30-1:20'),
(844, 'THU', 'B43', 2, 'PAI', '2:10-3:00'),
(845, 'THU', 'B43', 2, 'MEFA', '3:00-3:50'),
(846, 'THU', 'B43', 2, 'LCS', '4:00-4:50'),
(847, 'FRI', 'B43', 2, 'MEFA', '10:00-10:50'),
(848, 'FRI', 'B43', 2, 'SMDS', '10:50-11:40'),
(849, 'FRI', 'B43', 2, 'PAI', '11:40-12:30'),
(850, 'FRI', 'B43', 2, 'IDS', '12:30-1:20'),
(851, 'FRI', 'B43', 2, 'AI LAB', '2:10-3:00'),
(852, 'FRI', 'B43', 2, 'AI LAB', '3:00-3:50'),
(853, 'FRI', 'B43', 2, 'AI LAB', '4:00-4:50'),
(854, 'SAT', 'B43', 2, 'DLCO', '10:00-10:50'),
(855, 'SAT', 'B43', 2, 'IA', '10:50-11:40'),
(856, 'SAT', 'B43', 2, 'SMDS', '11:40-12:30'),
(857, 'SAT', 'B43', 2, 'IDS', '12:30-1:20'),
(858, 'SAT', 'B43', 2, 'SMDS', '2:10-3:00'),
(859, 'SAT', 'B43', 2, 'MEFA', '3:00-3:50'),
(860, 'SAT', 'B43', 2, 'LCS', '4:00-4:50'),
(1029, 'MON', 'D-43', 1, 'VLSI DESIGN', '8:00-8:50'),
(1030, 'MON', 'D-43', 1, 'CN', '8:50-9:40'),
(1031, 'MON', 'D-43', 2, 'MWOC', '10:00-10:50'),
(1032, 'MON', 'D-43', 2, 'MWOC', '10:50-11:40'),
(1033, 'MON', 'D-43', 2, 'WEB TECH', '11:40-12:30'),
(1034, 'MON', 'D-43', 2, 'JAVA', '1:20-2:10'),
(1035, 'MON', 'D-43', 2, 'SPORTS', '2:10-3:00'),
(1036, 'TUE', 'D-43', 1, 'MWOC', '8:00-8:50'),
(1037, 'TUE', 'D-43', 1, 'MWOC', '8:50-9:40'),
(1038, 'TUE', 'D-43', 2, 'MWOC LAB / VLSI LAB', '10:00-10:50'),
(1039, 'TUE', 'D-43', 2, 'MWOC LAB / VLSI LAB', '10:50-11:40'),
(1040, 'TUE', 'D-43', 2, 'MWOC LAB / VLSI LAB', '11:40-12:30'),
(1041, 'TUE', 'D-43', 2, 'DSP', '1:20-2:10'),
(1042, 'TUE', 'D-43', 2, 'JAVA', '2:10-3:00'),
(1043, 'WED', 'D-43', 1, 'WEEKLY TEST', '8:00-8:50'),
(1044, 'WED', 'D-43', 1, 'WEEKLY TEST', '8:50-9:40'),
(1045, 'WED', 'D-43', 2, 'DSP', '10:00-10:50'),
(1046, 'WED', 'D-43', 2, 'JAVA', '10:50-11:40'),
(1047, 'WED', 'D-43', 2, 'CN', '11:40-12:30'),
(1048, 'WED', 'D-43', 2, 'VLSI DESIGN', '1:20-2:10'),
(1049, 'WED', 'D-43', 2, 'LIB / COUN', '2:10-3:00'),
(1050, 'THU', 'D-43', 1, 'DSP', '8:00-8:50'),
(1051, 'THU', 'D-43', 1, 'VLSI DESIGN', '8:50-9:40'),
(1052, 'THU', 'D-43', 2, 'WEB TECH', '10:00-10:50'),
(1053, 'THU', 'D-43', 2, 'JAVA', '10:50-11:40'),
(1054, 'THU', 'D-43', 2, 'DSP LAB / MWOC LAB', '11:40-12:30'),
(1055, 'THU', 'D-43', 2, 'DSP LAB / MWOC LAB', '1:20-2:10'),
(1056, 'THU', 'D-43', 2, 'DSP LAB / MWOC LAB', '2:10-3:00'),
(1057, 'FRI', 'D-43', 1, 'WEB TECH', '8:00-8:50'),
(1058, 'FRI', 'D-43', 1, 'MWOC', '8:50-9:40'),
(1059, 'FRI', 'D-43', 2, 'VLSI DESIGN', '10:00-10:50'),
(1060, 'FRI', 'D-43', 2, 'CN', '10:50-11:40'),
(1061, 'FRI', 'D-43', 2, 'DSP', '11:40-12:30'),
(1062, 'FRI', 'D-43', 2, 'JAVA', '1:20-2:10'),
(1063, 'FRI', 'D-43', 2, 'LIB / COUN', '2:10-3:00'),
(1064, 'SAT', 'D-43', 1, 'CN', '8:00-8:50'),
(1065, 'SAT', 'D-43', 1, 'DSP', '8:50-9:40'),
(1066, 'SAT', 'D-43', 2, 'VLSI LAB / DSP LAB', '10:00-10:50'),
(1067, 'SAT', 'D-43', 2, 'VLSI LAB / DSP LAB', '10:50-11:40'),
(1068, 'SAT', 'D-43', 2, 'VLSI LAB / DSP LAB', '11:40-12:30'),
(1069, 'SAT', 'D-43', 2, 'CN', '1:20-2:10'),
(1070, 'SAT', 'D-43', 2, 'VLSI DESIGN', '2:10-3:00'),
(1071, 'MON', 'D-44', 1, 'MWOC', '8:00-8:50'),
(1072, 'MON', 'D-44', 1, 'DSP LAB / MWOC LAB', '8:50-9:40'),
(1073, 'MON', 'D-44', 2, 'DSP LAB / MWOC LAB', '10:00-10:50'),
(1074, 'MON', 'D-44', 2, 'DSP LAB / MWOC LAB', '10:50-11:40'),
(1075, 'MON', 'D-44', 2, 'ES', '11:40-12:30'),
(1076, 'MON', 'D-44', 2, 'WEB TECH', '1:20-2:10'),
(1077, 'MON', 'D-44', 2, 'JAVA', '2:10-3:00'),
(1078, 'TUE', 'D-44', 1, 'DSP', '8:00-8:50'),
(1079, 'TUE', 'D-44', 1, 'MWOC', '8:50-9:40'),
(1080, 'TUE', 'D-44', 2, 'JAVA', '10:00-10:50'),
(1081, 'TUE', 'D-44', 2, 'VLSI DESIGN', '10:50-11:40'),
(1082, 'TUE', 'D-44', 2, 'VLSI DESIGN', '11:40-12:30'),
(1083, 'TUE', 'D-44', 2, 'ES', '1:20-2:10'),
(1084, 'TUE', 'D-44', 2, 'SPORTS', '2:10-3:00'),
(1085, 'WED', 'D-44', 1, 'WEEKLY TEST', '8:00-8:50'),
(1086, 'WED', 'D-44', 1, 'WEEKLY TEST', '8:50-9:40'),
(1087, 'WED', 'D-44', 2, 'MWOC', '10:00-10:50'),
(1088, 'WED', 'D-44', 2, 'ES', '10:50-11:40'),
(1089, 'WED', 'D-44', 2, 'ES', '11:40-12:30'),
(1090, 'WED', 'D-44', 2, 'MWOC', '1:20-2:10'),
(1091, 'WED', 'D-44', 2, 'LIB/COU', '2:10-3:00'),
(1092, 'THU', 'D-44', 1, 'WEB TECH', '8:00-8:50'),
(1093, 'THU', 'D-44', 1, 'VLSI LAB / DSP LAB', '8:50-9:40'),
(1094, 'THU', 'D-44', 2, 'VLSI LAB / DSP LAB', '10:00-10:50'),
(1095, 'THU', 'D-44', 2, 'VLSI LAB / DSP LAB', '10:50-11:40'),
(1096, 'THU', 'D-44', 2, 'DSP', '11:40-12:30'),
(1097, 'THU', 'D-44', 2, 'VLSI DESIGN', '1:20-2:10'),
(1098, 'THU', 'D-44', 2, 'JAVA', '2:10-3:00'),
(1099, 'FRI', 'D-44', 1, 'MWOC', '8:00-8:50'),
(1100, 'FRI', 'D-44', 1, 'DSP', '8:50-9:40'),
(1101, 'FRI', 'D-44', 2, 'JAVA', '10:00-10:50'),
(1102, 'FRI', 'D-44', 2, 'VLSI DESIGN', '10:50-11:40'),
(1103, 'FRI', 'D-44', 2, 'VLSI DESIGN', '11:40-12:30'),
(1104, 'FRI', 'D-44', 2, 'DSP', '1:20-2:10'),
(1105, 'FRI', 'D-44', 2, 'LIB/COU', '2:10-3:00'),
(1106, 'SAT', 'D-44', 1, 'JAVA', '8:00-8:50'),
(1107, 'SAT', 'D-44', 1, 'WEB TECH', '8:50-9:40'),
(1108, 'SAT', 'D-44', 2, 'DSP', '10:00-10:50'),
(1109, 'SAT', 'D-44', 2, 'ES', '10:50-11:40'),
(1110, 'SAT', 'D-44', 2, 'MWOC LAB / VLSI LAB', '11:40-12:30'),
(1111, 'SAT', 'D-44', 2, 'MWOC LAB / VLSI LAB', '1:20-2:10'),
(1112, 'SAT', 'D-44', 2, 'MWOC LAB / VLSI LAB', '2:10-3:00'),
(1113, 'MON', 'E-33', 1, 'PC', '8:00-8:50'),
(1114, 'MON', 'E-33', 1, 'PC', '8:50-9:40'),
(1115, 'MON', 'E-33', 2, 'CTM', '10:00-10:50'),
(1116, 'MON', 'E-33', 2, 'CTM', '10:50-11:40'),
(1117, 'MON', 'E-33', 2, 'ERP', '11:40-12:30'),
(1118, 'MON', 'E-33', 2, 'ERP', '1:20-2:10'),
(1119, 'MON', 'E-33', 2, 'LIB', '2:10-3:00'),
(1120, 'TUE', 'E-33', 1, 'ETC', '8:00-8:50'),
(1121, 'TUE', 'E-33', 1, 'ETC', '8:50-9:40'),
(1122, 'TUE', 'E-33', 2, 'GES', '10:00-10:50'),
(1123, 'TUE', 'E-33', 2, 'GES', '10:50-11:40'),
(1124, 'TUE', 'E-33', 2, 'DSS', '11:40-12:30'),
(1125, 'TUE', 'E-33', 2, 'UHV&PE', '1:20-2:10'),
(1126, 'TUE', 'E-33', 2, 'UHV&PE', '2:10-3:00'),
(1127, 'WED', 'E-33', 1, 'WEEKLY TEST', '8:00-8:50'),
(1128, 'WED', 'E-33', 1, 'WEEKLY TEST', '8:50-9:40'),
(1129, 'WED', 'E-33', 2, 'GES', '10:00-10:50'),
(1130, 'WED', 'E-33', 2, 'GES', '10:50-11:40'),
(1131, 'WED', 'E-33', 2, 'CTM', '11:40-12:30'),
(1132, 'WED', 'E-33', 2, 'CTM', '1:20-2:10'),
(1133, 'WED', 'E-33', 2, 'SPORTS', '2:10-3:00'),
(1134, 'THU', 'E-33', 1, 'CTM', '8:00-8:50'),
(1135, 'THU', 'E-33', 1, 'PC', '8:50-9:40'),
(1136, 'THU', 'E-33', 2, 'ETC', '10:00-10:50'),
(1137, 'THU', 'E-33', 2, 'ETC', '10:50-11:40'),
(1138, 'THU', 'E-33', 2, 'AMUS LAB', '11:40-12:30'),
(1139, 'THU', 'E-33', 2, 'AMUS LAB', '1:20-2:10'),
(1140, 'THU', 'E-33', 2, 'AMUS LAB', '2:10-3:00'),
(1141, 'FRI', 'E-33', 1, 'DSS', '8:00-8:50'),
(1142, 'FRI', 'E-33', 1, 'DSS', '8:50-9:40'),
(1143, 'FRI', 'E-33', 2, 'ETC', '10:00-10:50'),
(1144, 'FRI', 'E-33', 2, 'GES', '10:50-11:40'),
(1145, 'FRI', 'E-33', 2, 'QE&PM LAB', '11:40-12:30'),
(1146, 'FRI', 'E-33', 2, 'QE&PM LAB', '1:20-2:10'),
(1147, 'FRI', 'E-33', 2, 'QE&PM LAB', '2:10-3:00'),
(1148, 'SAT', 'E-33', 1, 'DSS', '8:00-8:50'),
(1149, 'SAT', 'E-33', 1, 'DSS', '8:50-9:40'),
(1150, 'SAT', 'E-33', 2, 'PC', '10:00-10:50'),
(1151, 'SAT', 'E-33', 2, 'PC', '10:50-11:40'),
(1152, 'SAT', 'E-33', 2, 'EG LAB', '11:40-12:30'),
(1153, 'SAT', 'E-33', 2, 'EG LAB', '1:20-2:10'),
(1154, 'SAT', 'E-33', 2, 'EG LAB', '2:10-3:00'),
(1155, 'MON', 'B-53', 1, 'CN', '8:00-8:50'),
(1156, 'MON', 'B-53', 1, 'EPC', '8:50-9:40'),
(1157, 'MON', 'B-53', 1, 'CN', '10:00-10:50'),
(1158, 'MON', 'B-53', 1, 'SPM', '10:50-11:40'),
(1159, 'MON', 'B-53', 1, 'UHV', '11:40-12:30'),
(1160, 'MON', 'B-53', 1, 'BDA', '1:20-2:10'),
(1161, 'MON', 'B-53', 1, 'BDA', '2:10-3:00'),
(1162, 'TUE', 'B-53', 1, 'EPC', '8:00-8:50'),
(1163, 'TUE', 'B-53', 1, 'DL', '8:50-9:40'),
(1164, 'TUE', 'B-53', 1, 'CN', '10:00-10:50'),
(1165, 'TUE', 'B-53', 1, 'UHV', '10:50-11:40'),
(1166, 'TUE', 'B-53', 1, 'SPM', '11:40-12:30'),
(1167, 'TUE', 'B-53', 1, 'TABLEAU', '1:20-2:10'),
(1168, 'TUE', 'B-53', 1, 'TABLEAU', '2:10-3:00'),
(1169, 'WED', 'B-53', 1, 'DL', '8:00-8:50'),
(1170, 'WED', 'B-53', 1, 'CN', '8:50-9:40'),
(1171, 'WED', 'B-53', 1, 'WEEKLY TEST', '10:00-10:50'),
(1172, 'WED', 'B-53', 1, 'WEEKLY TEST', '10:50-11:40'),
(1173, 'WED', 'B-53', 1, 'SPM', '11:40-12:30'),
(1174, 'WED', 'B-53', 1, 'EPC', '1:20-2:10'),
(1175, 'WED', 'B-53', 1, 'DL', '2:10-3:00'),
(1176, 'THU', 'B-53', 1, 'CN', '8:00-8:50'),
(1177, 'THU', 'B-53', 1, 'DL', '8:50-9:40'),
(1178, 'THU', 'B-53', 1, 'CN LAB', '10:00-10:50'),
(1179, 'THU', 'B-53', 1, 'CN LAB', '10:50-11:40'),
(1180, 'THU', 'B-53', 1, 'CN LAB', '11:40-12:30'),
(1181, 'THU', 'B-53', 1, 'BDA', '1:20-2:10'),
(1182, 'THU', 'B-53', 1, 'LCS', '2:10-3:00'),
(1183, 'FRI', 'B-53', 1, 'DL', '8:00-8:50'),
(1184, 'FRI', 'B-53', 1, 'EPC', '8:50-9:40'),
(1185, 'FRI', 'B-53', 1, 'DL LAB', '10:00-10:50'),
(1186, 'FRI', 'B-53', 1, 'DL LAB', '10:50-11:40'),
(1187, 'FRI', 'B-53', 1, 'DL LAB', '11:40-12:30'),
(1188, 'FRI', 'B-53', 1, 'BDA', '1:20-2:10'),
(1189, 'FRI', 'B-53', 1, 'LCS', '2:10-3:00'),
(1190, 'SAT', 'B-53', 1, 'EPC', '8:00-8:50'),
(1191, 'SAT', 'B-53', 1, 'BDA', '8:50-9:40'),
(1192, 'SAT', 'B-53', 1, 'NoSQL LAB', '10:00-10:50'),
(1193, 'SAT', 'B-53', 1, 'NoSQL LAB', '10:50-11:40'),
(1194, 'SAT', 'B-53', 1, 'NoSQL LAB', '11:40-12:30'),
(1195, 'SAT', 'B-53', 1, 'SPM', '1:20-2:10'),
(1196, 'SAT', 'B-53', 1, 'LCS', '2:10-3:00'),
(1197, 'MON', 'B-24', 1, 'MPMC', '8:00-8:50'),
(1198, 'MON', 'B-24', 1, 'ML\\CN', '8:50-9:40'),
(1199, 'MON', 'B-24', 1, 'SGP', '10:00-10:50'),
(1200, 'MON', 'B-24', 1, 'PSA', '10:50-11:40'),
(1201, 'MON', 'B-24', 1, 'ES LAB\\ES LAB', '11:40-12:30'),
(1202, 'MON', 'B-24', 1, 'ES LAB\\ES LAB', '1:20-2:10'),
(1203, 'MON', 'B-24', 1, 'ES LAB\\ES LAB', '2:10-3:00'),
(1204, 'TUE', 'B-24', 1, 'PECD', '8:00-8:50'),
(1205, 'TUE', 'B-24', 1, 'MPMC', '8:50-9:40'),
(1206, 'TUE', 'B-24', 1, 'PSA', '10:00-10:50'),
(1207, 'TUE', 'B-24', 1, 'SGP', '10:50-11:40'),
(1208, 'TUE', 'B-24', 1, 'PECD', '11:40-12:30'),
(1209, 'TUE', 'B-24', 1, 'ML\\CN', '1:20-2:10'),
(1210, 'TUE', 'B-24', 1, 'LIBRARY', '2:10-3:00'),
(1211, 'WED', 'B-24', 1, 'WEEKLY TEST', '8:00-8:50'),
(1212, 'WED', 'B-24', 1, 'WEEKLY TEST', '8:50-9:40'),
(1213, 'WED', 'B-24', 1, 'MPMC LAB\\AE&D LAB', '10:00-10:50'),
(1214, 'WED', 'B-24', 1, 'MPMC LAB\\AE&D LAB', '10:50-11:40'),
(1215, 'WED', 'B-24', 1, 'MPMC LAB\\AE&D LAB', '11:40-12:30'),
(1216, 'WED', 'B-24', 1, 'SGP', '1:20-2:10'),
(1217, 'WED', 'B-24', 1, 'MPMC', '2:10-3:00'),
(1218, 'THU', 'B-24', 1, 'PSA', '8:00-8:50'),
(1219, 'THU', 'B-24', 1, 'MPMC', '8:50-9:40'),
(1220, 'THU', 'B-24', 1, 'SGP', '10:00-10:50'),
(1221, 'THU', 'B-24', 1, 'PECD', '10:50-11:40'),
(1222, 'THU', 'B-24', 1, 'PSA', '11:40-12:30'),
(1223, 'THU', 'B-24', 1, 'ML\\CN', '1:20-2:10'),
(1224, 'THU', 'B-24', 1, 'COU', '2:10-3:00'),
(1225, 'FRI', 'B-24', 1, 'ML\\CN', '8:00-8:50'),
(1226, 'FRI', 'B-24', 1, 'ML\\CN', '8:50-9:40'),
(1227, 'FRI', 'B-24', 1, 'AE&D LAB\\MPMC LAB', '10:00-10:50'),
(1228, 'FRI', 'B-24', 1, 'AE&D LAB\\MPMC LAB', '10:50-11:40'),
(1229, 'FRI', 'B-24', 1, 'AE&D LAB\\MPMC LAB', '11:40-12:30'),
(1230, 'FRI', 'B-24', 1, 'MPMC', '1:20-2:10'),
(1231, 'FRI', 'B-24', 1, 'PECD', '2:10-3:00'),
(1232, 'SAT', 'B-24', 1, 'SGP', '8:00-8:50'),
(1233, 'SAT', 'B-24', 1, 'PSA', '8:50-9:40'),
(1234, 'SAT', 'B-24', 1, 'PECD', '10:00-10:50'),
(1235, 'SAT', 'B-24', 1, 'ES', '10:50-11:40'),
(1236, 'SAT', 'B-24', 1, 'ES', '11:40-12:30'),
(1237, 'SAT', 'B-24', 1, 'ES', '1:20-2:10'),
(1238, 'SAT', 'B-24', 1, 'SPORTS', '2:10-3:00'),
(1239, 'MON', 'C-22', 1, 'SGP', '8:00-8:50'),
(1240, 'MON', 'C-22', 1, 'ML\\CN', '8:50-9:40'),
(1241, 'MON', 'C-22', 1, 'PSA', '10:00-10:50'),
(1242, 'MON', 'C-22', 1, 'MPMC', '10:50-11:40'),
(1243, 'MON', 'C-22', 1, 'PECD', '11:40-12:30'),
(1244, 'MON', 'C-22', 1, 'PECD', '1:20-2:10'),
(1245, 'MON', 'C-22', 1, 'LIBRARY', '2:10-3:00'),
(1246, 'TUE', 'C-22', 1, 'ES', '8:00-8:50'),
(1247, 'TUE', 'C-22', 1, 'ES', '8:50-9:40'),
(1248, 'TUE', 'C-22', 1, 'ES', '10:00-10:50'),
(1249, 'TUE', 'C-22', 1, 'PECD', '10:50-11:40'),
(1250, 'TUE', 'C-22', 1, 'PSA', '11:40-12:30'),
(1251, 'TUE', 'C-22', 1, 'ML\\CN', '1:20-2:10'),
(1252, 'TUE', 'C-22', 1, 'MPMC', '2:10-3:00'),
(1253, 'WED', 'C-22', 1, 'WEEKLY TEST', '8:00-8:50'),
(1254, 'WED', 'C-22', 1, 'WEEKLY TEST', '8:50-9:40'),
(1255, 'WED', 'C-22', 1, 'SGP', '10:00-10:50'),
(1256, 'WED', 'C-22', 1, 'SGP', '10:50-11:40'),
(1257, 'WED', 'C-22', 1, 'PSA', '11:40-12:30'),
(1258, 'WED', 'C-22', 1, 'MPMC', '1:20-2:10'),
(1259, 'WED', 'C-22', 1, 'COU', '2:10-3:00'),
(1260, 'THU', 'C-22', 1, 'MPMC', '8:00-8:50'),
(1261, 'THU', 'C-22', 1, 'SGP', '8:50-9:40'),
(1262, 'THU', 'C-22', 1, 'MPMC LAB\\AE&D LAB', '10:00-10:50'),
(1263, 'THU', 'C-22', 1, 'MPMC LAB\\AE&D LAB', '10:50-11:40'),
(1264, 'THU', 'C-22', 1, 'MPMC LAB\\AE&D LAB', '11:40-12:30'),
(1265, 'THU', 'C-22', 1, 'ML\\CN', '1:20-2:10'),
(1266, 'THU', 'C-22', 1, 'PECD', '2:10-3:00'),
(1267, 'FRI', 'C-22', 1, 'ML\\CN', '8:00-8:50'),
(1268, 'FRI', 'C-22', 1, 'ML\\CN', '8:50-9:40'),
(1269, 'FRI', 'C-22', 1, 'PECD', '10:00-10:50'),
(1270, 'FRI', 'C-22', 1, 'PSA', '10:50-11:40'),
(1271, 'FRI', 'C-22', 1, 'ES LAB\\ES LAB', '11:40-12:30'),
(1272, 'FRI', 'C-22', 1, 'ES LAB\\ES LAB', '1:20-2:10'),
(1273, 'FRI', 'C-22', 1, 'ES LAB\\ES LAB', '2:10-3:00'),
(1274, 'SAT', 'C-22', 1, 'AE&D LAB\\MPMC LAB', '8:00-8:50'),
(1275, 'SAT', 'C-22', 1, 'AE&D LAB\\MPMC LAB', '8:50-9:40'),
(1276, 'SAT', 'C-22', 1, 'AE&D LAB\\MPMC LAB', '10:00-10:50'),
(1277, 'SAT', 'C-22', 1, 'PSA', '10:50-11:40'),
(1278, 'SAT', 'C-22', 1, 'MPMC', '11:40-12:30'),
(1279, 'SAT', 'C-22', 1, 'SGP', '1:20-2:10'),
(1280, 'SAT', 'C-22', 1, 'SPORTS', '2:10-3:00'),
(1281, 'MON', 'A-34', 1, 'ML LAB', '8:00-8:50'),
(1282, 'MON', 'A-34', 1, 'ML LAB', '8:50-9:40'),
(1283, 'MON', 'A-34', 1, 'ML LAB', '10:00-10:50'),
(1284, 'MON', 'A-34', 1, 'CNS', '10:50-11:40'),
(1285, 'MON', 'A-34', 1, 'OR', '11:40-12:30'),
(1286, 'MON', 'A-34', 1, 'NLP', '1:20-2:10'),
(1287, 'MON', 'A-34', 1, 'MEFA', '2:10-3:00'),
(1288, 'TUE', 'A-34', 1, 'NLP LAB', '8:00-8:50'),
(1289, 'TUE', 'A-34', 1, 'NLP LAB', '8:50-9:40'),
(1290, 'TUE', 'A-34', 1, 'NLP LAB', '10:00-10:50'),
(1291, 'TUE', 'A-34', 1, 'ML', '10:50-11:40'),
(1292, 'TUE', 'A-34', 1, 'NLP', '11:40-12:30'),
(1293, 'TUE', 'A-34', 1, 'OR', '1:20-2:10'),
(1294, 'TUE', 'A-34', 1, 'LCS', '2:10-3:00'),
(1295, 'WED', 'A-34', 1, 'WEEKLY TEST REVISION', '8:00-8:50'),
(1296, 'WED', 'A-34', 1, 'WEEKLY TEST REVISION', '8:50-9:40'),
(1297, 'WED', 'A-34', 1, 'WEEKLY TEST', '10:00-10:50'),
(1298, 'WED', 'A-34', 1, 'WEEKLY TEST', '10:50-11:40'),
(1299, 'WED', 'A-34', 1, 'CNS', '11:40-12:30'),
(1300, 'WED', 'A-34', 1, 'MEFA', '1:20-2:10'),
(1301, 'WED', 'A-34', 1, 'LCS', '2:10-3:00'),
(1302, 'THU', 'A-34', 1, 'G&GHE', '8:00-8:50'),
(1303, 'THU', 'A-34', 1, 'G&GHE', '8:50-9:40'),
(1304, 'THU', 'A-34', 1, 'G&GHE', '10:00-10:50'),
(1305, 'THU', 'A-34', 1, 'CNS', '10:50-11:40'),
(1306, 'THU', 'A-34', 1, 'OR', '11:40-12:30'),
(1307, 'THU', 'A-34', 1, 'ML', '1:20-2:10'),
(1308, 'THU', 'A-34', 1, 'MEFA', '2:10-3:00'),
(1309, 'FRI', 'A-34', 1, 'OR', '8:00-8:50'),
(1310, 'FRI', 'A-34', 1, 'OR', '8:50-9:40'),
(1311, 'FRI', 'A-34', 1, 'NLP', '10:00-10:50'),
(1312, 'FRI', 'A-34', 1, 'MEFA', '10:50-11:40'),
(1313, 'FRI', 'A-34', 1, 'ML', '11:40-12:30'),
(1314, 'FRI', 'A-34', 1, 'NLP', '1:20-2:10'),
(1315, 'FRI', 'A-34', 1, 'LCS', '2:10-3:00'),
(1316, 'SAT', 'A-34', 1, 'ML', '8:00-8:50'),
(1317, 'SAT', 'A-34', 1, 'CNS', '8:50-9:40'),
(1318, 'SAT', 'A-34', 1, 'NLP', '10:00-10:50'),
(1319, 'SAT', 'A-34', 1, 'ML', '10:50-11:40'),
(1320, 'SAT', 'A-34', 1, 'CNS', '11:40-12:30'),
(1321, 'SAT', 'A-34', 1, 'MEFA', '1:20-2:10'),
(1322, 'SAT', 'A-34', 1, 'LCS', '2:10-3:00'),
(1323, 'MON', 'A-44', 1, 'CC', '8:00-8:50'),
(1324, 'MON', 'A-44', 1, 'VAPT', '8:50-9:40'),
(1325, 'MON', 'A-44', 1, 'OR', '10:00-10:50'),
(1326, 'MON', 'A-44', 1, 'ML', '10:50-11:40'),
(1327, 'MON', 'A-44', 1, 'MEFA', '11:40-12:30'),
(1328, 'MON', 'A-44', 1, 'VAPT', '1:20-2:10'),
(1329, 'MON', 'A-44', 1, 'ML', '2:10-3:00'),
(1330, 'TUE', 'A-44', 1, 'ML LAB', '8:00-8:50'),
(1331, 'TUE', 'A-44', 1, 'ML LAB', '8:50-9:40'),
(1332, 'TUE', 'A-44', 1, 'ML LAB', '10:00-10:50'),
(1333, 'TUE', 'A-44', 1, 'OR', '10:50-11:40'),
(1334, 'TUE', 'A-44', 1, 'VAPT', '11:40-12:30'),
(1335, 'TUE', 'A-44', 1, 'MEFA', '1:20-2:10'),
(1336, 'TUE', 'A-44', 1, 'CC', '2:10-3:00'),
(1337, 'WED', 'A-44', 1, 'WEEKLY TEST REVISION', '8:00-8:50'),
(1338, 'WED', 'A-44', 1, 'WEEKLY TEST REVISION', '8:50-9:40'),
(1339, 'WED', 'A-44', 1, 'WEEKLY TEST', '10:00-10:50'),
(1340, 'WED', 'A-44', 1, 'WEEKLY TEST', '10:50-11:40'),
(1341, 'WED', 'A-44', 1, 'CC', '11:40-12:30'),
(1342, 'WED', 'A-44', 1, 'OR', '1:20-2:10'),
(1343, 'WED', 'A-44', 1, 'LCS', '2:10-3:00'),
(1344, 'THU', 'A-44', 1, 'VAPT', '8:00-8:50'),
(1345, 'THU', 'A-44', 1, 'VAPT', '8:50-9:40'),
(1346, 'THU', 'A-44', 1, 'MEFA', '10:00-10:50'),
(1347, 'THU', 'A-44', 1, 'CC', '10:50-11:40'),
(1348, 'THU', 'A-44', 1, 'ML', '11:40-12:30'),
(1349, 'THU', 'A-44', 1, 'OR', '1:20-2:10'),
(1350, 'THU', 'A-44', 1, 'LCS', '2:10-3:00'),
(1351, 'FRI', 'A-44', 1, 'PT LAB', '8:00-8:50'),
(1352, 'FRI', 'A-44', 1, 'PT LAB', '8:50-9:40'),
(1353, 'FRI', 'A-44', 1, 'PT LAB', '10:00-10:50'),
(1354, 'FRI', 'A-44', 1, 'ML', '10:50-11:40'),
(1355, 'FRI', 'A-44', 1, 'CC', '11:40-12:30'),
(1356, 'FRI', 'A-44', 1, 'MEFA', '1:20-2:10'),
(1357, 'FRI', 'A-44', 1, 'LCS', '2:10-3:00'),
(1358, 'SAT', 'A-44', 1, 'CCNA LAB', '8:00-8:50'),
(1359, 'SAT', 'A-44', 1, 'CCNA LAB', '8:50-9:40'),
(1360, 'SAT', 'A-44', 1, 'CCNA LAB', '10:00-10:50'),
(1361, 'SAT', 'A-44', 1, 'OR', '10:50-11:40'),
(1362, 'SAT', 'A-44', 1, 'MEFA', '11:40-12:30'),
(1363, 'SAT', 'A-44', 1, 'ML', '1:20-2:10'),
(1364, 'SAT', 'A-44', 1, 'LCS', '2:10-3:00'),
(1365, 'MON', 'B-56', 1, 'EDA', '8:00-8:50'),
(1366, 'MON', 'B-56', 1, 'EDA', '8:50-9:40'),
(1367, 'MON', 'B-56', 1, 'EDA', '10:00-10:50'),
(1368, 'MON', 'B-56', 1, 'DE', '10:50-11:40'),
(1369, 'MON', 'B-56', 1, 'ML', '11:40-12:30'),
(1370, 'MON', 'B-56', 1, 'AI', '1:20-2:10'),
(1371, 'MON', 'B-56', 1, 'LCS', '2:10-3:00'),
(1372, 'TUE', 'B-56', 1, 'ML', '8:00-8:50'),
(1373, 'TUE', 'B-56', 1, 'AI', '8:50-9:40'),
(1374, 'TUE', 'B-56', 1, 'MEFA', '10:00-10:50'),
(1375, 'TUE', 'B-56', 1, 'DE', '10:50-11:40'),
(1376, 'TUE', 'B-56', 1, 'OR', '11:40-12:30'),
(1377, 'TUE', 'B-56', 1, 'ML', '1:20-2:10'),
(1378, 'TUE', 'B-56', 1, 'MEFA', '2:10-3:00'),
(1379, 'WED', 'B-56', 1, 'WEEKLY TEST REVISION', '8:00-8:50');
INSERT INTO `roomschedule` (`schedule_id`, `day`, `room_number`, `shift_id`, `subject`, `slot`) VALUES
(1380, 'WED', 'B-56', 1, 'WEEKLY TEST REVISION', '8:50-9:40'),
(1381, 'WED', 'B-56', 1, 'WEEKLY TEST', '10:00-10:50'),
(1382, 'WED', 'B-56', 1, 'WEEKLY TEST', '10:50-11:40'),
(1383, 'WED', 'B-56', 1, 'ML', '11:40-12:30'),
(1384, 'WED', 'B-56', 1, 'DE', '1:20-2:10'),
(1385, 'WED', 'B-56', 1, 'OR', '2:10-3:00'),
(1386, 'THU', 'B-56', 1, 'ML LAB', '8:00-8:50'),
(1387, 'THU', 'B-56', 1, 'ML LAB', '8:50-9:40'),
(1388, 'THU', 'B-56', 1, 'ML LAB', '10:00-10:50'),
(1389, 'THU', 'B-56', 1, 'DE', '10:50-11:40'),
(1390, 'THU', 'B-56', 1, 'OR', '11:40-12:30'),
(1391, 'THU', 'B-56', 1, 'MEFA', '1:20-2:10'),
(1392, 'THU', 'B-56', 1, 'AI', '2:10-3:00'),
(1393, 'FRI', 'B-56', 1, 'DE LAB', '8:00-8:50'),
(1394, 'FRI', 'B-56', 1, 'DE LAB', '8:50-9:40'),
(1395, 'FRI', 'B-56', 1, 'DE LAB', '10:00-10:50'),
(1396, 'FRI', 'B-56', 1, 'ML', '10:50-11:40'),
(1397, 'FRI', 'B-56', 1, 'MEFA', '11:40-12:30'),
(1398, 'FRI', 'B-56', 1, 'AI', '1:20-2:10'),
(1399, 'FRI', 'B-56', 1, 'LCS', '2:10-3:00'),
(1400, 'SAT', 'B-56', 1, 'OR', '8:00-8:50'),
(1401, 'SAT', 'B-56', 1, 'OR', '8:50-9:40'),
(1402, 'SAT', 'B-56', 1, 'DE', '10:00-10:50'),
(1403, 'SAT', 'B-56', 1, 'AI', '10:50-11:40'),
(1404, 'SAT', 'B-56', 1, 'MEFA', '11:40-12:30'),
(1405, 'SAT', 'B-56', 1, 'LCS', '1:20-2:10'),
(1406, 'SAT', 'B-56', 1, 'LCS', '2:10-3:00'),
(1407, 'MON', 'B-54', 1, 'EPC', '8:00-8:50'),
(1408, 'MON', 'B-54', 1, 'DL', '8:50-9:40'),
(1409, 'MON', 'B-54', 1, 'DL LAB', '10:00-10:50'),
(1410, 'MON', 'B-54', 1, 'DL LAB', '10:50-11:40'),
(1411, 'MON', 'B-54', 1, 'DL LAB', '11:40-12:30'),
(1412, 'MON', 'B-54', 1, 'SPM', '1:20-2:10'),
(1413, 'MON', 'B-54', 1, 'CN', '2:10-3:00'),
(1414, 'TUE', 'B-54', 1, 'DL', '8:00-8:50'),
(1415, 'TUE', 'B-54', 1, 'CN', '8:50-9:40'),
(1416, 'TUE', 'B-54', 1, 'NoSQL LAB', '10:00-10:50'),
(1417, 'TUE', 'B-54', 1, 'NoSQL LAB', '10:50-11:40'),
(1418, 'TUE', 'B-54', 1, 'NoSQL LAB', '11:40-12:30'),
(1419, 'TUE', 'B-54', 1, 'BDA', '1:20-2:10'),
(1420, 'TUE', 'B-54', 1, 'UHV', '2:10-3:00'),
(1421, 'WED', 'B-54', 1, 'BDA', '8:00-8:50'),
(1422, 'WED', 'B-54', 1, 'EPC', '8:50-9:40'),
(1423, 'WED', 'B-54', 1, 'WEEKLY TEST', '10:00-10:50'),
(1424, 'WED', 'B-54', 1, 'WEEKLY TEST', '10:50-11:40'),
(1425, 'WED', 'B-54', 1, 'UHV', '11:40-12:30'),
(1426, 'WED', 'B-54', 1, 'DL', '1:20-2:10'),
(1427, 'WED', 'B-54', 1, 'LCS', '2:10-3:00'),
(1428, 'THU', 'B-54', 1, 'DL', '8:00-8:50'),
(1429, 'THU', 'B-54', 1, 'EPC', '8:50-9:40'),
(1430, 'THU', 'B-54', 1, 'BDA', '10:00-10:50'),
(1431, 'THU', 'B-54', 1, 'SPM', '10:50-11:40'),
(1432, 'THU', 'B-54', 1, 'BDA', '11:40-12:30'),
(1433, 'THU', 'B-54', 1, 'DL', '1:20-2:10'),
(1434, 'THU', 'B-54', 1, 'LCS', '2:10-3:00'),
(1435, 'FRI', 'B-54', 1, 'CN', '8:00-8:50'),
(1436, 'FRI', 'B-54', 1, 'CN', '8:50-9:40'),
(1437, 'FRI', 'B-54', 1, 'SPM', '10:00-10:50'),
(1438, 'FRI', 'B-54', 1, 'EPC', '10:50-11:40'),
(1439, 'FRI', 'B-54', 1, 'SPM', '11:40-12:30'),
(1440, 'FRI', 'B-54', 1, 'TABLEAU', '1:20-2:10'),
(1441, 'FRI', 'B-54', 1, 'TABLEAU', '2:10-3:00'),
(1442, 'SAT', 'B-54', 1, 'BDA', '8:00-8:50'),
(1443, 'SAT', 'B-54', 1, 'CN', '8:50-9:40'),
(1444, 'SAT', 'B-54', 1, 'CN LAB', '10:00-10:50'),
(1445, 'SAT', 'B-54', 1, 'CN LAB', '10:50-11:40'),
(1446, 'SAT', 'B-54', 1, 'CN LAB', '11:40-12:30'),
(1447, 'SAT', 'B-54', 1, 'EPC', '1:20-2:10'),
(1448, 'SAT', 'B-54', 1, 'LCS', '2:10-3:00'),
(1449, 'MON', 'EF-04', 2, 'SQA', '10:00-10:50'),
(1450, 'MON', 'EF-04', 2, 'STM', '10:50-11:40'),
(1451, 'MON', 'EF-04', 2, 'CSS', '11:40-12:30'),
(1452, 'MON', 'EF-04', 2, 'STM', '12:30-1:20'),
(1453, 'MON', 'EF-04', 2, 'STM', '2:10-3:00'),
(1454, 'MON', 'EF-04', 2, 'PROJECT', '3:00-3:50'),
(1455, 'MON', 'EF-04', 2, 'PROJECT', '4:00-4:50'),
(1456, 'MON', 'EF-04', 2, 'SQA', '10:00-10:50'),
(1457, 'MON', 'EF-04', 2, 'STM', '10:50-11:40'),
(1458, 'MON', 'EF-04', 2, 'CSS', '11:40-12:30'),
(1459, 'MON', 'EF-04', 2, 'STM', '12:30-1:20'),
(1460, 'MON', 'EF-04', 2, 'STM', '2:10-3:00'),
(1461, 'MON', 'EF-04', 2, 'PROJECT', '3:00-3:50'),
(1462, 'MON', 'EF-04', 2, 'PROJECT', '4:00-4:50'),
(1463, 'TUE', 'EF-04', 2, 'STM', '10:00-10:50'),
(1464, 'TUE', 'EF-04', 2, 'STM', '10:50-11:40'),
(1465, 'TUE', 'EF-04', 2, 'SQA', '11:40-12:30'),
(1466, 'TUE', 'EF-04', 2, 'CSS', '12:30-1:20'),
(1467, 'TUE', 'EF-04', 2, 'PROJECT', '2:10-3:00'),
(1468, 'TUE', 'EF-04', 2, 'PROJECT', '3:00-3:50'),
(1469, 'TUE', 'EF-04', 2, 'PROJECT', '4:00-4:50'),
(1470, 'WED', 'EF-04', 2, 'SQA', '10:00-10:50'),
(1471, 'WED', 'EF-04', 2, 'SQA', '10:50-11:40'),
(1472, 'WED', 'EF-04', 2, 'CSS', '11:40-12:30'),
(1473, 'WED', 'EF-04', 2, 'STM', '12:30-1:20'),
(1474, 'WED', 'EF-04', 2, 'PROJECT', '2:10-3:00'),
(1475, 'WED', 'EF-04', 2, 'WEEKLY TEST', '3:00-3:50'),
(1476, 'WED', 'EF-04', 2, 'WEEKLY TEST', '4:00-4:50'),
(1477, 'THU', 'EF-04', 2, '', '10:00-10:50'),
(1478, 'THU', 'EF-04', 2, '', '10:50-11:40'),
(1479, 'THU', 'EF-04', 2, '', '11:40-12:30'),
(1480, 'THU', 'EF-04', 2, '', '12:30-1:20'),
(1481, 'THU', 'EF-04', 2, '', '2:10-3:00'),
(1482, 'THU', 'EF-04', 2, '', '3:00-3:50'),
(1483, 'THU', 'EF-04', 2, '', '4:00-4:50'),
(1484, 'FRI', 'EF-04', 2, '', '10:00-10:50'),
(1485, 'FRI', 'EF-04', 2, '', '10:50-11:40'),
(1486, 'FRI', 'EF-04', 2, '', '11:40-12:30'),
(1487, 'FRI', 'EF-04', 2, '', '12:30-1:20'),
(1488, 'FRI', 'EF-04', 2, '', '2:10-3:00'),
(1489, 'FRI', 'EF-04', 2, '', '3:00-3:50'),
(1490, 'FRI', 'EF-04', 2, '', '4:00-4:50'),
(1491, 'SAT', 'EF-04', 2, '', '10:00-10:50'),
(1492, 'SAT', 'EF-04', 2, '', '10:50-11:40'),
(1493, 'SAT', 'EF-04', 2, '', '11:40-12:30'),
(1494, 'SAT', 'EF-04', 2, '', '12:30-1:20'),
(1495, 'SAT', 'EF-04', 2, '', '2:10-3:00'),
(1496, 'SAT', 'EF-04', 2, '', '3:00-3:50'),
(1497, 'SAT', 'EF-04', 2, '', '4:00-4:50');

-- --------------------------------------------------------

--
-- Table structure for table `shift`
--

CREATE TABLE `shift` (
  `shift_id` int(11) NOT NULL,
  `shift_name` varchar(50) DEFAULT NULL
) ENGINE=InnoDB DEFAULT CHARSET=utf8mb4 COLLATE=utf8mb4_general_ci;

--
-- Dumping data for table `shift`
--

INSERT INTO `shift` (`shift_id`, `shift_name`) VALUES
(1, 'first'),
(2, 'second');

--
-- Indexes for dumped tables
--

--
-- Indexes for table `classslot`
--
ALTER TABLE `classslot`
  ADD PRIMARY KEY (`slot_id`),
  ADD KEY `shift_id` (`shift_id`);

--
-- Indexes for table `floor`
--
ALTER TABLE `floor`
  ADD PRIMARY KEY (`floor_number`);

--
-- Indexes for table `room`
--
ALTER TABLE `room`
  ADD PRIMARY KEY (`room_number`),
  ADD UNIQUE KEY `room_id` (`room_id`),
  ADD UNIQUE KEY `room_id_2` (`room_id`),
  ADD UNIQUE KEY `room_id_3` (`room_id`),
  ADD KEY `floor_number` (`floor_number`);

--
-- Indexes for table `roomschedule`
--
ALTER TABLE `roomschedule`
  ADD PRIMARY KEY (`schedule_id`),
  ADD KEY `room_number` (`room_number`),
  ADD KEY `shift_id` (`shift_id`);

--
-- Indexes for table `shift`
--
ALTER TABLE `shift`
  ADD PRIMARY KEY (`shift_id`);

--
-- AUTO_INCREMENT for dumped tables
--

--
-- AUTO_INCREMENT for table `classslot`
--
ALTER TABLE `classslot`
  MODIFY `slot_id` int(11) NOT NULL AUTO_INCREMENT;

--
-- AUTO_INCREMENT for table `room`
--
ALTER TABLE `room`
  MODIFY `room_id` int(11) NOT NULL AUTO_INCREMENT, AUTO_INCREMENT=50;

--
-- AUTO_INCREMENT for table `roomschedule`
--
ALTER TABLE `roomschedule`
  MODIFY `schedule_id` int(11) NOT NULL AUTO_INCREMENT, AUTO_INCREMENT=1498;

--
-- AUTO_INCREMENT for table `shift`
--
ALTER TABLE `shift`
  MODIFY `shift_id` int(11) NOT NULL AUTO_INCREMENT, AUTO_INCREMENT=3;

--
-- Constraints for dumped tables
--

--
-- Constraints for table `classslot`
--
ALTER TABLE `classslot`
  ADD CONSTRAINT `classslot_ibfk_1` FOREIGN KEY (`shift_id`) REFERENCES `shift` (`shift_id`);

--
-- Constraints for table `room`
--
ALTER TABLE `room`
  ADD CONSTRAINT `room_ibfk_1` FOREIGN KEY (`floor_number`) REFERENCES `floor` (`floor_number`);

--
-- Constraints for table `roomschedule`
--
ALTER TABLE `roomschedule`
  ADD CONSTRAINT `roomschedule_ibfk_1` FOREIGN KEY (`room_number`) REFERENCES `room` (`room_number`),
  ADD CONSTRAINT `roomschedule_ibfk_2` FOREIGN KEY (`shift_id`) REFERENCES `shift` (`shift_id`);
COMMIT;

/*!40101 SET CHARACTER_SET_CLIENT=@OLD_CHARACTER_SET_CLIENT */;
/*!40101 SET CHARACTER_SET_RESULTS=@OLD_CHARACTER_SET_RESULTS */;
/*!40101 SET COLLATION_CONNECTION=@OLD_COLLATION_CONNECTION */;
