-- phpMyAdmin SQL Dump
-- version 5.2.1
-- https://www.phpmyadmin.net/
--
-- Host: 127.0.0.1
-- Generation Time: Apr 22, 2025 at 08:14 AM
-- Server version: 10.4.32-MariaDB
-- PHP Version: 8.0.30

SET SQL_MODE = "NO_AUTO_VALUE_ON_ZERO";
START TRANSACTION;
SET time_zone = "+00:00";


/*!40101 SET @OLD_CHARACTER_SET_CLIENT=@@CHARACTER_SET_CLIENT */;
/*!40101 SET @OLD_CHARACTER_SET_RESULTS=@@CHARACTER_SET_RESULTS */;
/*!40101 SET @OLD_COLLATION_CONNECTION=@@COLLATION_CONNECTION */;
/*!40101 SET NAMES utf8mb4 */;

--
-- Database: `dynamic`
--

-- --------------------------------------------------------

--
-- Table structure for table `classslot`
--

CREATE TABLE `classslot` (
  `slot_id` int(11) NOT NULL,
  `shift_id` int(11) DEFAULT NULL,
  `classtime` varchar(50) DEFAULT NULL
) ENGINE=InnoDB DEFAULT CHARSET=utf8mb4 COLLATE=utf8mb4_general_ci;

-- --------------------------------------------------------

--
-- Table structure for table `floor`
--

CREATE TABLE `floor` (
  `floor_number` varchar(30) NOT NULL
) ENGINE=InnoDB DEFAULT CHARSET=utf8mb4 COLLATE=utf8mb4_general_ci;

--
-- Dumping data for table `floor`
--

INSERT INTO `floor` (`floor_number`) VALUES
('1'),
('2'),
('3'),
('4'),
('5'),
('6');

-- --------------------------------------------------------

--
-- Table structure for table `room`
--

CREATE TABLE `room` (
  `room_id` int(11) NOT NULL,
  `floor_number` varchar(30) DEFAULT NULL,
  `room_number` varchar(10) NOT NULL
) ENGINE=InnoDB DEFAULT CHARSET=utf8mb4 COLLATE=utf8mb4_general_ci;

--
-- Dumping data for table `room`
--

INSERT INTO `room` (`room_id`, `floor_number`, `room_number`) VALUES
(12, '3', '3-24'),
(2, '2', 'A-12'),
(3, '2', 'A-13'),
(10, '3', 'A-22'),
(5, '3', 'A-23'),
(52, '2', 'A-24'),
(16, '4', 'A-31'),
(17, '4', 'A-32'),
(18, '4', 'A-33'),
(19, '4', 'A-34'),
(28, '5', 'A-42'),
(29, '5', 'A-43'),
(30, '5', 'A-44'),
(6, '3', 'A24'),
(4, '3', 'AB-02'),
(51, '3', 'B-22'),
(7, '3', 'B-23'),
(8, '3', 'B-24'),
(20, '4', 'B-33'),
(31, '5', 'B-42'),
(45, '6', 'B-53'),
(44, '6', 'B-54'),
(43, '6', 'B-56'),
(32, '5', 'B43'),
(9, '3', 'C-22'),
(36, '5', 'D-41'),
(35, '5', 'D-42'),
(33, '5', 'D-43'),
(34, '5', 'D-44'),
(46, '6', 'D-51'),
(47, '6', 'D-52'),
(11, '3', 'E-23'),
(50, '2', 'E-24'),
(21, '4', 'E-31'),
(22, '4', 'E-32'),
(23, '4', 'E-33'),
(37, '5', 'E-42'),
(38, '5', 'E-43'),
(49, '6', 'E-54'),
(48, '6', 'E53'),
(13, '3', 'EF-02'),
(27, '4', 'EF-03'),
(42, '5', 'EF-04'),
(1, '1', 'F-04'),
(14, '3', 'F-22'),
(15, '3', 'F-23'),
(24, '4', 'F-32'),
(25, '4', 'F-33'),
(26, '4', 'F-34'),
(39, '5', 'F-42'),
(40, '5', 'F-43'),
(41, '5', 'F-44');

-- --------------------------------------------------------

--
-- Table structure for table `roomschedule`
--

CREATE TABLE `roomschedule` (
  `schedule_id` int(11) NOT NULL,
  `day` varchar(30) DEFAULT NULL,
  `room_number` varchar(40) DEFAULT NULL,
  `shift_id` int(11) DEFAULT NULL,
  `subject` varchar(100) DEFAULT NULL,
  `slot` varchar(25) NOT NULL
) ENGINE=InnoDB DEFAULT CHARSET=utf8mb4 COLLATE=utf8mb4_general_ci;

--
-- Dumping data for table `roomschedule`
--

INSERT INTO `roomschedule` (`schedule_id`, `day`, `room_number`, `shift_id`, `subject`, `slot`) VALUES
(1, 'Mon', 'D-51', 2, 'ORBD', '10:00-10:50'),
(2, 'MON', 'D-51', 2, 'LS-II', '10:50-11:40'),
(3, 'Mon', 'D-51', 2, 'HRM', '11:40-12:30'),
(4, 'MON', 'D-51', 2, 'MM', '12:30-1:20'),
(5, 'Mon', 'D-51', 2, 'PM', '2:10-3:00'),
(6, 'MON', 'D-51', 2, 'POM', '3:00-3:50'),
(7, 'MON', 'D-51', 2, 'MP', '4:00-4:50'),
(8, 'TUE', 'D-51', 2, 'MM', '10:00-10:50'),
(9, 'TUE', 'D-51', 2, 'ORBD', '10:50-11:40'),
(10, 'TUE', 'D-51', 2, 'FM', '11:40-12:30'),
(11, 'TUE', 'D-51', 2, 'FM', '12:30-1:20'),
(12, 'TUE', 'D-51', 2, 'HRM', '2:10-3:00'),
(13, 'TUE', 'D-51', 2, 'ERP', '3:00-3:50'),
(14, 'TUE', 'D-51', 2, 'MP', '4:00-4:50'),
(15, 'WED', 'D-51', 2, 'WEEKLYTEST', '10:00-10:50'),
(16, 'WED', 'D-51', 2, 'WEEKLYTEST', '10:50-11:40'),
(17, 'WED', 'D-51', 2, 'PM', '11:40-12:30'),
(18, 'WED', 'D-51', 2, 'MM', '12:30-1:20'),
(19, 'WED', 'D-51', 2, 'WINGS', '2:10-3:00'),
(20, 'WED', 'D-51', 2, 'WINGS', '3:00-3:50'),
(21, 'WED', 'D-51', 2, 'WINGS', '4:00-4:50'),
(22, 'THU', 'D-51', 2, 'HRM', '10:00-10:50'),
(23, 'THU', 'D-51', 2, 'ORBD', '10:50-11:40'),
(24, 'THU', 'D-51', 2, 'FM', '11:40-12:30'),
(25, 'THU', 'D-51', 2, 'FM', '12:30-1:20'),
(26, 'THU', 'D-51', 2, 'PM', '2:10-3:00'),
(27, 'THU', 'D-51', 2, 'POM', '3:00-3:50'),
(28, 'THU', 'D-51', 2, 'COUN', '4:00-4:50'),
(29, 'FRI', 'D-51', 2, 'PM', '10:00-10:50'),
(30, 'FRI', 'D-51', 2, 'HRM', '10:50-11:40'),
(31, 'FRI', 'D-51', 2, 'ORBD', '11:40-12:30'),
(32, 'FRI', 'D-51', 2, 'POM', '12:30-1:20'),
(33, 'FRI', 'D-51', 2, 'MOOCS', '2:10-3:00'),
(34, 'FRI', 'D-51', 2, 'SPORTS', '3:00-3:50'),
(35, 'FRI', 'D-51', 2, 'SPORTS', '4:00-4:50'),
(36, 'SAT', 'D-51', 2, 'POM', '10:00-10:50'),
(37, 'SAT', 'D-51', 2, 'LS-II', '10:50-11:40'),
(38, 'SAT', 'D-51', 2, 'MM', '11:40-12:30'),
(39, 'SAT', 'D-51', 2, 'FM', '12:30-1:20'),
(40, 'SAT', 'D-51', 2, 'ORBD', '2:10-3:00'),
(41, 'SAT', 'D-51', 2, 'ERP', '3:00-3:50'),
(42, 'SAT', 'D-51', 2, 'LIBRARY', '4:00-4:50'),
(43, 'MON', 'D-52', 2, 'PM', '10:00-10:50'),
(44, 'MON', 'D-52', 2, 'ORBD', '10:50-11:40'),
(45, 'MON', 'D-52', 2, 'POM', '11:40-12:30'),
(46, 'MON', 'D-52', 2, 'HRM', '12:30-1:20'),
(47, 'MON', 'D-52', 2, 'FM', '2:10-3:00'),
(48, 'MON', 'D-52', 2, 'ERP', '3:00-3:50'),
(49, 'MON', 'D-52', 2, 'LS-II', '4:00-4:50'),
(50, 'TUE', 'D-52', 2, 'ORBD', '10:00-10:50'),
(51, 'TUE', 'D-52', 2, 'POM', '10:50-11:40'),
(52, 'TUE', 'D-52', 2, 'HRM', '11:40-12:30'),
(53, 'TUE', 'D-52', 2, 'FM', '12:30-1:20'),
(54, 'TUE', 'D-52', 2, 'MM', '2:10-3:00'),
(55, 'TUE', 'D-52', 2, 'SPORTS', '3:00-3:50'),
(56, 'TUE', 'D-52', 2, 'SPORTS', '4:00-4:50'),
(57, 'WED', 'D-52', 2, 'WEEKLYTEST', '10:00-10:50'),
(58, 'WED', 'D-52', 2, 'WEEKLYTEST', '10:50-11:40'),
(59, 'WED', 'D-52', 2, 'MP', '11:40-12:30'),
(60, 'WED', 'D-52', 2, 'COU', '12:30-1:20'),
(61, 'WED', 'D-52', 2, 'WINGS', '2:10-3:00'),
(62, 'WED', 'D-52', 2, 'WINGS', '3:00-3:50'),
(63, 'WED', 'D-52', 2, 'WINGS', '4:00-4:50'),
(64, 'THU', 'D-52', 2, 'FM', '10:00-10:50'),
(65, 'THU', 'D-52', 2, 'PM', '10:50-11:40'),
(66, 'THU', 'D-52', 2, 'ORBD', '11:40-12:30'),
(67, 'THU', 'D-52', 2, 'POM', '12:30-1:20'),
(68, 'THU', 'D-52', 2, 'HRM', '2:10-3:00'),
(69, 'THU', 'D-52', 2, 'MM', '3:00-3:50'),
(70, 'THU', 'D-52', 2, 'MOOCS', '4:00-4:50'),
(71, 'FRI', 'D-52', 2, 'MM', '10:00-10:50'),
(72, 'FRI', 'D-52', 2, 'FM', '10:50-11:40'),
(73, 'FRI', 'D-52', 2, 'POM', '11:40-12:30'),
(74, 'FRI', 'D-52', 2, 'ORBD', '12:30-1:20'),
(75, 'FRI', 'D-52', 2, 'PM', '2:10-3:00'),
(76, 'FRI', 'D-52', 2, 'PM', '3:00-3:50'),
(77, 'FRI', 'D-52', 2, 'MP', '4:00-4:50'),
(78, 'SAT', 'D-52', 2, 'HRM', '10:00-10:50'),
(79, 'SAT', 'D-52', 2, 'MM', '10:50-11:40'),
(80, 'SAT', 'D-52', 2, 'FM', '11:40-12:30'),
(81, 'SAT', 'D-52', 2, 'ORBD', '12:30-1:20'),
(82, 'SAT', 'D-52', 2, 'ERP', '2:10-3:00'),
(83, 'SAT', 'D-52', 2, 'LS-II', '3:00-3:50'),
(84, 'SAT', 'D-52', 2, 'LIBRARY', '4:00-4:50'),
(85, 'MON', 'F-42', 2, 'DBMS-LAB', '10:00-10:50'),
(86, 'MON', 'F-42', 2, 'DBMS-LAB', '10:50-11:40'),
(87, 'MON', 'F-42', 2, 'DBMS-LAB', '11:40-12:30'),
(88, 'MON', 'F-42', 2, 'PP', '12:30-1:20'),
(89, 'MON', 'F-42', 2, 'CN', '2:10-3:00'),
(90, 'MON', 'F-42', 2, 'DBMS', '3:00-3:50'),
(91, 'MON', 'F-42', 2, 'OOAD', '4:00-4:50'),
(92, 'TUE', 'F-42', 2, 'DBMS', '10:00-10:50'),
(93, 'TUE', 'F-42', 2, 'CSS', '10:50-11:40'),
(94, 'TUE', 'F-42', 2, 'PP', '11:40-12:30'),
(95, 'TUE', 'F-42', 2, 'DWDM', '12:30-1:20'),
(96, 'TUE', 'F-42', 2, 'DBMS', '2:10-3:00'),
(97, 'TUE', 'F-42', 2, 'PP', '3:00-3:50'),
(98, 'TUE', 'F-42', 2, 'CM', '4:00-4:50'),
(99, 'WED', 'F-42', 2, 'WEEKLYTEST', '10:00-10:50'),
(100, 'WED', 'F-42', 2, 'WEEKLYTEST', '10:50-11:40'),
(101, 'WED', 'F-42', 2, 'CN', '11:40-12:30'),
(102, 'WED', 'F-42', 2, 'DBMS', '12:30-1:20'),
(103, 'WED', 'F-42', 2, 'OOAD', '2:10-3:00'),
(104, 'WED', 'F-42', 2, 'OOAD', '3:00-3:50'),
(105, 'WED', 'F-42', 2, 'DWDM', '4:00-4:50'),
(106, 'THU', 'F-42', 2, 'PP', '10:00-10:50'),
(107, 'THU', 'F-42', 2, 'CSS', '10:50-11:40'),
(108, 'THU', 'F-42', 2, 'DWDM', '11:40-12:30'),
(109, 'THU', 'F-42', 2, 'WEB DESIGNING LAB', '12:30-1:20'),
(110, 'THU', 'F-42', 2, 'WEB DESIGNING LAB', '2:10-3:00'),
(111, 'THU', 'F-42', 2, 'WEB DESIGNING LAB', '3:00-3:50'),
(112, 'THU', 'F-42', 2, 'SPORTS', '4:00-4:50'),
(113, 'FRI', 'F-42', 2, 'DWDM-LAB', '10:00-10:50'),
(114, 'FRI', 'F-42', 2, 'DWDM-LAB', '10:50-11:40'),
(115, 'FRI', 'F-42', 2, 'DWDM-LAB', '11:40-12:30'),
(116, 'FRI', 'F-42', 2, 'OOAD', '12:30-1:20'),
(117, 'FRI', 'F-42', 2, 'CN', '2:10-3:00'),
(118, 'FRI', 'F-42', 2, 'PP', '3:00-3:50'),
(119, 'FRI', 'F-42', 2, 'MINI-PROJECT', '4:00-4:50'),
(120, 'SAT', 'F-42', 2, 'CSS', '10:00-10:50'),
(121, 'SAT', 'F-42', 2, 'CN', '10:50-11:40'),
(122, 'SAT', 'F-42', 2, 'DWDM', '11:40-12:30'),
(123, 'SAT', 'F-42', 2, 'OOAD', '12:30-1:20'),
(124, 'SAT', 'F-42', 2, 'DBMS', '2:10-3:00'),
(125, 'SAT', 'F-42', 2, 'DWDM', '3:00-3:50'),
(126, 'SAT', 'F-42', 2, 'COUN', '4:00-4:50'),
(127, 'MON', 'F-43', 2, 'DWDM', '10:00-10:50'),
(128, 'MON', 'F-43', 2, 'CSS', '10:50-11:40'),
(129, 'MON', 'F-43', 2, 'PP', '11:40-12:30'),
(130, 'MON', 'F-43', 2, 'DBMS', '12:30-1:20'),
(131, 'MON', 'F-43', 2, 'OOAD', '2:10-3:00'),
(132, 'MON', 'F-43', 2, 'CN', '3:00-3:50'),
(133, 'MON', 'F-43', 2, 'MINI-PROJECT', '4:00-4:50'),
(134, 'TUE', 'F-43', 2, 'DWDM-LAB', '10:00-10:50'),
(135, 'TUE', 'F-43', 2, 'DWDM-LAB', '10:50-11:40'),
(136, 'TUE', 'F-43', 2, 'DWDM-LAB', '11:40-12:30'),
(137, 'TUE', 'F-43', 2, 'OOAD', '12:30-1:20'),
(138, 'TUE', 'F-43', 2, 'PP', '2:10-3:00'),
(139, 'TUE', 'F-43', 2, 'DBMS', '3:00-3:50'),
(140, 'TUE', 'F-43', 2, 'SPORTS', '4:00-4:50'),
(141, 'WED', 'F-43', 2, 'WEEKLYTEST', '10:00-10:50'),
(142, 'WED', 'F-43', 2, 'WEEKLYTEST', '10:50-11:40'),
(143, 'WED', 'F-43', 2, 'DBMS', '11:40-12:30'),
(144, 'WED', 'F-43', 2, 'PP', '12:30-1:20'),
(145, 'WED', 'F-43', 2, 'CN', '2:10-3:00'),
(146, 'WED', 'F-43', 2, 'DWDM', '3:00-3:50'),
(147, 'WED', 'F-43', 2, 'OOAD', '4:00-4:50'),
(148, 'THU', 'F-43', 2, 'CSS', '10:00-10:50'),
(149, 'THU', 'F-43', 2, 'PP', '10:50-11:40'),
(150, 'THU', 'F-43', 2, 'CN', '11:40-12:30'),
(151, 'THU', 'F-43', 2, 'DWDM', '12:30-1:20'),
(152, 'THU', 'F-43', 2, 'DBMS', '2:10-3:00'),
(153, 'THU', 'F-43', 2, 'DWDM', '3:00-3:50'),
(154, 'THU', 'F-43', 2, 'COUN', '4:00-4:50'),
(155, 'FRI', 'F-43', 2, 'OOAD', '10:00-10:50'),
(156, 'FRI', 'F-43', 2, 'OOAD', '10:50-11:40'),
(157, 'FRI', 'F-43', 2, 'CSS', '11:40-12:30'),
(158, 'FRI', 'F-43', 2, 'DBMS-LAB', '12:30-1:20'),
(159, 'FRI', 'F-43', 2, 'DBMS_LAB', '2:10-3:00'),
(160, 'FRI', 'F-43', 2, 'DBMS_LAB', '3:00-3:50'),
(161, 'FRI', 'F-43', 2, 'CN', '4:00-4:50'),
(162, 'SAT', 'F-43', 2, 'WEB DESIGNING LAB', '10:00-10:50'),
(163, 'SAT', 'F-43', 2, 'WEB DESIGNING LAB', '10:50-11:40'),
(164, 'SAT', 'F-43', 2, 'WEB DESIGNING LAB', '11:40-12:30'),
(165, 'SAT', 'F-43', 2, 'DWDM', '12:30-1:20'),
(166, 'SAT', 'F-43', 2, 'CN', '2:10-3:00'),
(167, 'SAT', 'F-43', 2, 'DBMS', '3:00-3:50'),
(168, 'SAT', 'F-43', 2, 'PP', '4:00-4:50'),
(169, 'MON', 'F-44', 2, 'CSS', '10:00-10:50'),
(170, 'MON', 'F-44', 2, 'CN', '10:50-11:40'),
(171, 'MON', 'F-44', 2, 'OOAD', '11:40-12:30'),
(172, 'MON', 'F-44', 2, 'DWDM-LAB', '12:30-1:20'),
(173, 'MON', 'F-44', 2, 'DWDM-LAB', '2:10-3:00'),
(174, 'MON', 'F-44', 2, 'DWDM-LAB', '3:00-3:50'),
(175, 'MON', 'F-44', 2, 'SPORTS', '4:00-4:50'),
(176, 'TUE', 'F-44', 2, 'PP', '10:00-10:50'),
(177, 'TUE', 'F-44', 2, 'DBMS', '10:50-11:40'),
(178, 'TUE', 'F-44', 2, 'CN', '11:40-12:30'),
(179, 'TUE', 'F-44', 2, 'WEB DESIGNING LAB', '12:30-1:20'),
(180, 'TUE', 'F-44', 2, 'WEB DESIGNING LAB', '2:10-3:00'),
(181, 'TUE', 'F-44', 2, 'WEB DESIGNING LAB', '3:00-3:50'),
(182, 'TUE', 'F-44', 2, 'DWDM', '4:00-4:50'),
(183, 'WED', 'F-44', 2, 'WEEKLYTEST', '10:00-10:50'),
(184, 'WED', 'F-44', 2, 'WEEKLYTEST', '10:50-11:40'),
(185, 'WED', 'F-44', 2, 'PP', '11:40-12:30'),
(186, 'WED', 'F-44', 2, 'CN', '12:30-1:20'),
(187, 'WED', 'F-44', 2, 'DWDM', '2:10-3:00'),
(188, 'WED', 'F-44', 2, 'DBMS', '3:00-3:50'),
(189, 'WED', 'F-44', 2, 'MINI PROJECT', '4:00-4:50'),
(190, 'THU', 'F-44', 2, 'DBMS LAB', '10:00-10:50'),
(191, 'THU', 'F-44', 2, 'DBMS LAB', '10:50-11:40'),
(192, 'THU', 'F-44', 2, 'DBMS LAB', '11:40-12:30'),
(193, 'THU', 'F-44', 2, 'CN', '12:30-1:20'),
(194, 'THU', 'F-44', 2, 'DWDM', '2:10-3:00'),
(195, 'THU', 'F-44', 2, 'DBMS', '3:00-3:50'),
(196, 'THU', 'F-44', 2, 'OOAD', '4:00-4:50'),
(197, 'FRI', 'F-44', 2, 'PP', '10:00-10:50'),
(198, 'FRI', 'F-44', 2, 'CSS', '10:50-11:40'),
(199, 'FRI', 'F-44', 2, 'DBMS', '11:40-12:30'),
(200, 'FRI', 'F-44', 2, 'PP', '12:30-1:20'),
(201, 'FRI', 'F-44', 2, 'OOAD', '2:10-3:00'),
(202, 'FRI', 'F-44', 2, 'DWDM', '3:00-3:50'),
(203, 'FRI', 'F-44', 2, 'COUM', '4:00-4:50'),
(204, 'SAT', 'F-44', 2, 'DWDM', '10:00-10:50'),
(205, 'SAT', 'F-44', 2, 'CSS', '10:50-11:40'),
(206, 'SAT', 'F-44', 2, 'DBMS', '11:40-12:30'),
(207, 'SAT', 'F-44', 2, 'CM', '12:30-1:20'),
(208, 'SAT', 'F-44', 2, 'PP', '2:10-3:00'),
(209, 'SAT', 'F-44', 2, 'OOAD', '3:00-3:50'),
(210, 'SAT', 'F-44', 2, 'OOAD', '4:00-4:50'),
(218, 'MON', 'E53', 2, 'A&DC', '10:00-10:50'),
(219, 'MON', 'E53', 2, 'SS', '10:50-11:40'),
(220, 'MON', 'E53', 2, 'DBMS', '11:40-12:30'),
(221, 'MON', 'E53', 2, 'ACD', '12:30-1:20'),
(222, 'MON', 'E53', 2, 'MEFA', '2:10-3:00'),
(223, 'MON', 'E53', 2, 'DT&I', '3:00-3:50'),
(224, 'MON', 'E53', 2, 'DT&I', '4:00-4:50'),
(225, 'TUE', 'E53', 2, 'DBMS', '10:00-10:50'),
(226, 'TUE', 'E53', 2, 'DBMS', '10:50-11:40'),
(227, 'TUE', 'E53', 2, 'ACD', '11:40-12:30'),
(228, 'TUE', 'E53', 2, 'SS', '12:30-1:20'),
(229, 'TUE', 'E53', 2, 'LIBRARY', '2:10-3:00'),
(230, 'TUE', 'E53', 2, 'MEFA', '3:00-3:50'),
(231, 'TUE', 'E53', 2, 'SPORTS', '4:00-4:50'),
(232, 'WED', 'E53', 2, 'WEEKLY TEST', '10:00-10:50'),
(233, 'WED', 'E53', 2, 'WEEKLY TEST', '10:50-11:40'),
(234, 'WED', 'E53', 2, 'ACD LAB / DBMS LAB', '11:40-12:30'),
(235, 'WED', 'E53', 2, 'ACD LAB / DBMS LAB', '12:30-1:20'),
(236, 'WED', 'E53', 2, 'ACD LAB / DBMS LAB', '2:10-3:00'),
(237, 'WED', 'E53', 2, 'A&DC', '3:00-3:50'),
(238, 'WED', 'E53', 2, 'COU', '4:00-4:50'),
(239, 'THU', 'E53', 2, 'ACD', '10:00-10:50'),
(240, 'THU', 'E53', 2, 'A&DC', '10:50-11:40'),
(241, 'THU', 'E53', 2, 'DBMS LAB / ACD LAB', '11:40-12:30'),
(242, 'THU', 'E53', 2, 'DBMS LAB / ACD LAB', '12:30-1:20'),
(243, 'THU', 'E53', 2, 'DBMS LAB / ACD LAB', '2:10-3:00'),
(244, 'THU', 'E53', 2, 'SS', '3:00-3:50'),
(245, 'THU', 'E53', 2, 'MEFA', '4:00-4:50'),
(246, 'FRI', 'E53', 2, 'DBMS', '10:00-10:50'),
(247, 'FRI', 'E53', 2, 'DBMS', '10:50-11:40'),
(248, 'FRI', 'E53', 2, 'MEFA', '11:40-12:30'),
(249, 'FRI', 'E53', 2, 'SS', '12:30-1:20'),
(250, 'FRI', 'E53', 2, 'A&DC', '2:10-3:00'),
(251, 'FRI', 'E53', 2, 'ACD', '3:00-3:50'),
(252, 'FRI', 'E53', 2, 'ADC', '4:00-4:50'),
(253, 'SAT', 'E53', 2, 'SS', '10:00-10:50'),
(254, 'SAT', 'E53', 2, 'ACD', '10:50-11:40'),
(255, 'SAT', 'E53', 2, 'FSD-I LAB / FSD-I LAB', '11:40-12:30'),
(256, 'SAT', 'E53', 2, 'FSD-I LAB / FSD-I LAB', '12:30-1:20'),
(257, 'SAT', 'E53', 2, 'FSD-I LAB / FSD-I LAB', '2:10-3:00'),
(258, 'SAT', 'E53', 2, 'DT&I', '3:00-3:50'),
(259, 'SAT', 'E53', 2, 'S&I', '4:00-4:50'),
(260, 'MON', 'E-54', 1, 'DWDM', '8:00-8:50'),
(261, 'MON', 'E-54', 1, 'DWDM', '8:50-9:40'),
(262, 'MON', 'E-54', 1, 'NODE IS / NODE IS', '10:00-10:50'),
(263, 'MON', 'E-54', 1, 'NODE IS / NODE IS', '10:50-11:40'),
(264, 'MON', 'E-54', 1, 'NODE IS / NODE IS', '11:40-12:30'),
(265, 'MON', 'E-54', 1, 'VLSI', '1:20-2:10'),
(266, 'MON', 'E-54', 1, 'IOT&A', '2:10-3:00'),
(267, 'TUE', 'E-54', 1, 'VLSI', '8:00-8:50'),
(268, 'TUE', 'E-54', 1, 'IOT&A', '8:50-9:40'),
(269, 'TUE', 'E-54', 1, 'DAA', '10:00-10:50'),
(270, 'TUE', 'E-54', 1, 'VAC / ADC', '10:50-11:40'),
(271, 'TUE', 'E-54', 1, 'VLSI LAB / IOT LAB', '11:40-12:30'),
(272, 'TUE', 'E-54', 1, 'VLSI LAB / IOT LAB', '1:20-2:10'),
(273, 'TUE', 'E-54', 1, 'VLSI LAB / IOT LAB', '2:10-3:00'),
(274, 'WED', 'E-54', 1, 'WEEKLY TEST', '8:00-8:50'),
(275, 'WED', 'E-54', 1, 'WEEKLY TEST', '8:50-9:40'),
(276, 'WED', 'E-54', 1, 'AI', '10:00-10:50'),
(277, 'WED', 'E-54', 1, 'SE', '10:50-11:40'),
(278, 'WED', 'E-54', 1, 'DAA', '11:40-12:30'),
(279, 'WED', 'E-54', 1, 'IOT&A', '1:20-2:10'),
(280, 'WED', 'E-54', 1, 'VLSI', '2:10-3:00'),
(281, 'THU', 'E-54', 1, 'DWDM', '8:00-8:50'),
(282, 'THU', 'E-54', 1, 'DWDM', '8:50-9:40'),
(283, 'THU', 'E-54', 1, 'DAA', '10:00-10:50'),
(284, 'THU', 'E-54', 1, 'AI', '10:50-11:40'),
(285, 'THU', 'E-54', 1, 'MINI PROJ', '11:40-12:30'),
(286, 'THU', 'E-54', 1, 'IOT&A', '1:20-2:10'),
(287, 'THU', 'E-54', 1, 'SPORTS', '2:10-3:00'),
(288, 'FRI', 'E-54', 1, 'DAA', '8:00-8:50'),
(289, 'FRI', 'E-54', 1, 'IOT LAB / VLSI LAB', '8:50-9:40'),
(290, 'FRI', 'E-54', 1, 'IOT LAB / VLSI LAB', '10:00-10:50'),
(291, 'FRI', 'E-54', 1, 'SE', '10:50-11:40'),
(292, 'FRI', 'E-54', 1, 'VLSI', '11:40-12:30'),
(293, 'FRI', 'E-54', 1, 'SE / AI', '1:20-2:10'),
(294, 'SAT', 'E-54', 1, 'IOT&A', '8:00-8:50'),
(295, 'SAT', 'E-54', 1, 'DWDM', '8:50-9:40'),
(296, 'SAT', 'E-54', 1, 'AI', '10:00-10:50'),
(297, 'SAT', 'E-54', 1, 'VLSI', '10:50-11:40'),
(298, 'SAT', 'E-54', 1, 'LIBRARY', '11:40-12:30'),
(299, 'SAT', 'E-54', 1, 'DAA', '1:20-2:10'),
(300, 'SAT', 'E-54', 1, 'COUN', '2:10-3:00'),
(301, 'MON', 'EF-03', 1, 'DSP', '8:00-8:50'),
(302, 'MON', 'EF-03', 1, 'WEB TECH', '8:50-9:40'),
(303, 'MON', 'EF-03', 1, 'JAVA', '10:00-10:50'),
(304, 'MON', 'EF-03', 1, 'ES', '10:50-11:40'),
(305, 'MON', 'EF-03', 1, 'VLSI LAB/ DSP LAB', '11:40-12:30'),
(306, 'MON', 'EF-03', 1, 'VLSI LAB / DSP LAB', '1:20-2:10'),
(307, 'MON', 'EF-03', 1, 'VLSI LAB / DSP LAB', '2:10-3:00'),
(308, 'TUE', 'EF-03', 1, 'JAVA', '8:00-8:50'),
(309, 'TUE', 'EF-03', 1, 'VLSI DESIGN', '8:50-9:40'),
(310, 'TUE', 'EF-03', 1, 'DSP', '10:00-10:50'),
(311, 'TUE', 'EF-03', 1, 'ES', '10:50-11:40'),
(312, 'TUE', 'EF-03', 1, 'ES', '11:40-12:30'),
(313, 'TUE', 'EF-03', 1, 'MWOC', '1:20-2:10'),
(314, 'TUE', 'EF-03', 1, 'LIB/COU', '2:10-3:00'),
(315, 'WED', 'EF-03', 1, 'WEEKLY TEST', '8:00-8:50'),
(316, 'WED', 'EF-03', 1, 'WEEKLY TEST', '8:50-9:40'),
(317, 'WED', 'EF-03', 1, 'VLSI DESIGN', '10:00-10:50'),
(318, 'WED', 'EF-03', 1, 'DSP', '10:50-11:40'),
(319, 'WED', 'EF-03', 1, 'DSP LAB / MWOC LAB', '11:40-12:30'),
(320, 'WED', 'EF-03', 1, 'DSP LAB / MWOC LAB', '1:20-2:10'),
(321, 'WED', 'EF-03', 1, 'DSP LAB / MWOC LAB', '2:10-3:00'),
(322, 'THU', 'EF-03', 1, 'MWOC', '8:00-8:50'),
(323, 'THU', 'EF-03', 1, 'MWOC', '8:50-9:40'),
(324, 'THU', 'EF-03', 1, 'ES', '10:00-10:50'),
(325, 'THU', 'EF-03', 1, 'JAVA', '10:50-11:40'),
(326, 'THU', 'EF-03', 1, 'VLSI DESIGN', '11:40-12:30'),
(327, 'THU', 'EF-03', 1, 'JAVA', '1:20-2:10'),
(328, 'THU', 'EF-03', 1, 'LIB/COU', '2:10-3:00'),
(329, 'FRI', 'EF-03', 1, 'VLSI DESIGN', '8:00-8:50'),
(330, 'FRI', 'EF-03', 1, 'WEB TECH', '8:50-9:40'),
(331, 'FRI', 'EF-03', 1, 'ES', '10:00-10:50'),
(332, 'FRI', 'EF-03', 1, 'DSP', '10:50-11:40'),
(333, 'FRI', 'EF-03', 1, 'MWOC LAB / VLSI LAB', '11:40-12:30'),
(334, 'FRI', 'EF-03', 1, 'MWOC LAB / VLSI LAB', '1:20-2:10'),
(335, 'FRI', 'EF-03', 1, 'MWOC LAB / VLSI LAB', '2:10-3:00'),
(336, 'SAT', 'EF-03', 1, 'WEB TECH', '8:00-8:50'),
(337, 'SAT', 'EF-03', 1, 'VLSI DESIGN', '8:50-9:40'),
(338, 'SAT', 'EF-03', 1, 'MWOC', '10:00-10:50'),
(339, 'SAT', 'EF-03', 1, 'MWOC', '10:50-11:40'),
(340, 'SAT', 'EF-03', 1, 'DSP', '11:40-12:30'),
(341, 'SAT', 'EF-03', 1, 'JAVA', '1:20-2:10'),
(342, 'SAT', 'EF-03', 1, 'SPORTS', '2:10-3:00'),
(343, 'MON', 'F-04', 1, 'DSS', '8:00-8:50'),
(344, 'MON', 'F-04', 1, 'GES', '8:50-9:40'),
(345, 'MON', 'F-04', 1, 'ETC', '10:00-10:50'),
(346, 'MON', 'F-04', 1, 'ETC', '10:50-11:40'),
(347, 'MON', 'F-04', 1, 'AMUS LAB', '11:40-12:30'),
(348, 'MON', 'F-04', 1, 'AMUS LAB', '1:20-2:10'),
(349, 'MON', 'F-04', 1, 'AMUS LAB', '2:10-3:00'),
(350, 'TUE', 'F-04', 1, 'GES', '8:00-8:50'),
(351, 'TUE', 'F-04', 1, 'CTM', '8:50-9:40'),
(352, 'TUE', 'F-04', 1, 'DSS', '10:00-10:50'),
(353, 'TUE', 'F-04', 1, 'DSS', '10:50-11:40'),
(354, 'TUE', 'F-04', 1, 'EG LAB', '11:40-12:30'),
(355, 'TUE', 'F-04', 1, 'EG LAB', '1:20-2:10'),
(356, 'TUE', 'F-04', 1, 'EG LAB', '2:10-3:00'),
(357, 'WED', 'F-04', 1, 'WEEKLY TEST', '8:00-8:50'),
(358, 'WED', 'F-04', 1, 'WEEKLY TEST', '8:50-9:40'),
(359, 'WED', 'F-04', 1, 'ERP', '10:00-10:50'),
(360, 'WED', 'F-04', 1, 'ERP', '10:50-11:40'),
(361, 'WED', 'F-04', 1, 'QE&PM LAB', '11:40-12:30'),
(362, 'WED', 'F-04', 1, 'QE&PM LAB', '1:20-2:10'),
(363, 'WED', 'F-04', 1, 'QE&PM LAB', '2:10-3:00'),
(364, 'THU', 'F-04', 1, 'DSS', '8:00-8:50'),
(365, 'THU', 'F-04', 1, 'DSS', '8:50-9:40'),
(366, 'THU', 'F-04', 1, 'GES', '10:00-10:50'),
(367, 'THU', 'F-04', 1, 'GES', '10:50-11:40'),
(368, 'THU', 'F-04', 1, 'CTM', '11:40-12:30'),
(369, 'THU', 'F-04', 1, 'CTM', '1:20-2:10'),
(370, 'THU', 'F-04', 1, 'COU', '2:10-3:00'),
(371, 'FRI', 'F-04', 1, 'PC', '8:00-8:50'),
(372, 'FRI', 'F-04', 1, 'PC', '8:50-9:40'),
(373, 'FRI', 'F-04', 1, 'CTM', '10:00-10:50'),
(374, 'FRI', 'F-04', 1, 'CTM', '10:50-11:40'),
(375, 'FRI', 'F-04', 1, 'ETC', '11:40-12:30'),
(376, 'FRI', 'F-04', 1, 'ETC', '1:20-2:10'),
(377, 'FRI', 'F-04', 1, 'ETC', '2:10-3:00'),
(378, 'SAT', 'F-04', 1, 'PC', '8:00-8:50'),
(379, 'SAT', 'F-04', 1, 'GES', '8:50-9:40'),
(380, 'SAT', 'F-04', 1, 'UHV&PE', '10:00-10:50'),
(381, 'SAT', 'F-04', 1, 'UHV&PE', '10:50-11:40'),
(382, 'SAT', 'F-04', 1, 'PC', '11:40-12:30'),
(383, 'SAT', 'F-04', 1, 'PC', '1:20-2:10'),
(384, 'SAT', 'F-04', 1, 'SPORTS', '2:10-3:00'),
(385, 'MON', 'F-32', 1, 'ACS', '8:00-8:50'),
(386, 'MON', 'F-32', 1, 'ACS', '8:50-9:40'),
(387, 'MON', 'F-32', 1, 'R&AC', '10:00-10:50'),
(388, 'MON', 'F-32', 1, 'DMM-II', '10:50-11:40'),
(389, 'MON', 'F-32', 1, 'I&M', '11:40-12:30'),
(390, 'MON', 'F-32', 1, 'FAIML', '1:20-2:10'),
(391, 'MON', 'F-32', 1, 'LIBRARY', '2:10-3:00'),
(392, 'TUE', 'F-32', 1, 'HT', '8:00-8:50'),
(393, 'TUE', 'F-32', 1, 'DMM-II', '8:50-9:40'),
(394, 'TUE', 'F-32', 1, 'LAB-1\\LAB-2', '10:00-10:50'),
(395, 'TUE', 'F-32', 1, 'LAB-1\\LAB-2', '10:50-11:40'),
(396, 'TUE', 'F-32', 1, 'LAB-1\\LAB-2', '11:40-12:30'),
(397, 'TUE', 'F-32', 1, 'R&AC', '1:20-2:10'),
(398, 'TUE', 'F-32', 1, 'I&M', '2:10-3:00'),
(399, 'WED', 'F-32', 1, 'I&M', '8:00-8:50'),
(400, 'WED', 'F-32', 1, 'FAIML', '8:50-9:40'),
(401, 'WED', 'F-32', 1, 'WEEKLY TEST', '10:00-10:50'),
(402, 'WED', 'F-32', 1, 'WEEKLY TEST', '10:50-11:40'),
(403, 'WED', 'F-32', 1, 'R&AC', '11:40-12:30'),
(404, 'WED', 'F-32', 1, 'HT', '1:20-2:10'),
(405, 'WED', 'F-32', 1, 'COU', '2:10-3:00'),
(406, 'THU', 'F-32', 1, 'DMM-II', '8:00-8:50'),
(407, 'THU', 'F-32', 1, 'DMM-II', '8:50-9:40'),
(408, 'THU', 'F-32', 1, 'LAB-2\\LAB-1', '10:00-10:50'),
(409, 'THU', 'F-32', 1, 'LAB-2\\LAB-1', '10:50-11:40'),
(410, 'THU', 'F-32', 1, 'LAB-2\\LAB-1', '11:40-12:30'),
(411, 'THU', 'F-32', 1, 'R&AC', '1:20-2:10'),
(412, 'THU', 'F-32', 1, 'HT', '2:10-3:00'),
(413, 'FRI', 'F-32', 1, 'FAIML', '8:00-8:50'),
(414, 'FRI', 'F-32', 1, 'I&M', '8:50-9:40'),
(415, 'FRI', 'F-32', 1, 'HT', '10:00-10:50'),
(416, 'FRI', 'F-32', 1, 'R&AC', '10:50-11:40'),
(417, 'FRI', 'F-32', 1, 'FAIML', '11:40-12:30'),
(418, 'FRI', 'F-32', 1, 'DMM-II', '1:20-2:10'),
(419, 'FRI', 'F-32', 1, 'I&M', '2:10-3:00'),
(420, 'SAT', 'F-32', 1, 'I&M', '8:00-8:50'),
(421, 'SAT', 'F-32', 1, 'FAIML', '8:50-9:40'),
(422, 'SAT', 'F-32', 1, 'HT', '10:00-10:50'),
(423, 'SAT', 'F-32', 1, 'HT', '10:50-11:40'),
(424, 'SAT', 'F-32', 1, 'R&AC', '11:40-12:30'),
(425, 'SAT', 'F-32', 1, 'DMM-II', '1:20-2:10'),
(426, 'SAT', 'F-32', 1, 'SPORTS', '2:10-3:00'),
(427, 'MON', 'F-33', 1, 'R&AC', '8:00-8:50'),
(428, 'MON', 'F-33', 1, 'HT', '8:50-9:40'),
(429, 'MON', 'F-33', 1, 'I&M', '10:00-10:50'),
(430, 'MON', 'F-33', 1, 'DMM-II', '10:50-11:40'),
(431, 'MON', 'F-33', 1, 'DMM-II', '11:40-12:30'),
(432, 'MON', 'F-33', 1, 'HT', '1:20-2:10'),
(433, 'MON', 'F-33', 1, 'FAIML', '2:10-3:00'),
(434, 'TUE', 'F-33', 1, 'HT', '8:00-8:50'),
(435, 'TUE', 'F-33', 1, 'FAIML', '8:50-9:40'),
(436, 'TUE', 'F-33', 1, 'R&AC', '10:00-10:50'),
(437, 'TUE', 'F-33', 1, 'DMM-II', '10:50-11:40'),
(438, 'TUE', 'F-33', 1, 'DMM-II', '11:40-12:30'),
(439, 'TUE', 'F-33', 1, 'I&M', '1:20-2:10'),
(440, 'TUE', 'F-33', 1, 'LIBRARY', '2:10-3:00'),
(441, 'WED', 'F-33', 1, 'ACS', '8:00-8:50'),
(442, 'WED', 'F-33', 1, 'ACS', '8:50-9:40'),
(443, 'WED', 'F-33', 1, 'WEEKLY TEST', '10:00-10:50'),
(444, 'WED', 'F-33', 1, 'WEEKLY TEST', '10:50-11:40'),
(445, 'WED', 'F-33', 1, 'LAB-1/LAB-2', '11:40-12:30'),
(446, 'WED', 'F-33', 1, 'LAB-1\\LAB-2', '1:20-2:10'),
(447, 'WED', 'F-33', 1, 'LAB-1\\LAB-2', '2:10-3:00'),
(448, 'THU', 'F-33', 1, 'I&M', '8:00-8:50'),
(449, 'THU', 'F-33', 1, 'FAIML', '8:50-9:40'),
(450, 'THU', 'F-33', 1, 'HT', '10:00-10:50'),
(451, 'THU', 'F-33', 1, 'R&AC', '10:50-11:40'),
(452, 'THU', 'F-33', 1, 'R&AC', '11:40-12:30'),
(453, 'THU', 'F-33', 1, 'HT', '1:20-2:10'),
(454, 'THU', 'F-33', 1, 'I&M', '2:10-3:00'),
(455, 'FRI', 'F-33', 1, 'I&M', '8:00-8:50'),
(456, 'FRI', 'F-33', 1, 'FAIML', '8:50-9:40'),
(457, 'FRI', 'F-33', 1, 'LAB-2\\LAB-1', '10:00-10:50'),
(458, 'FRI', 'F-33', 1, 'LAB-2\\LAB-1', '10:50-11:40'),
(459, 'FRI', 'F-33', 1, 'LAB-2\\LAB-1', '11:40-12:30'),
(460, 'FRI', 'F-33', 1, 'R&AC', '1:20-2:10'),
(461, 'FRI', 'F-33', 1, 'COU', '2:10-3:00'),
(462, 'SAT', 'F-33', 1, 'FAIML', '8:00-8:50'),
(463, 'SAT', 'F-33', 1, 'R&AC', '8:50-9:40'),
(464, 'SAT', 'F-33', 1, 'DMM-II', '10:00-10:50'),
(465, 'SAT', 'F-33', 1, 'I&M', '10:50-11:40'),
(466, 'SAT', 'F-33', 1, 'HT', '11:40-12:30'),
(467, 'SAT', 'F-33', 1, 'DMM-II', '1:20-2:10'),
(468, 'SAT', 'F-33', 1, 'SPORTS', '2:10-3:00'),
(469, 'MON', 'A-22', 1, 'NDE', '8:00-8:50'),
(470, 'MON', 'A-22', 1, 'DMM-II', '8:50-9:40'),
(471, 'MON', 'A-22', 1, 'LAB-1/LAB-2', '10:00-10:50'),
(472, 'MON', 'A-22', 1, 'LAB-1/LAB-2', '10:50-11:40'),
(473, 'MON', 'A-22', 1, 'LAB-1/LAB-2', '11:40-12:30'),
(474, 'MON', 'A-22', 1, 'DMM-II', '1:20-2:10'),
(475, 'MON', 'A-22', 1, 'I&M', '2:10-3:00'),
(476, 'TUE', 'A-22', 1, 'I&M', '8:00-8:50'),
(477, 'TUE', 'A-22', 1, 'NDE', '8:50-9:40'),
(478, 'TUE', 'A-22', 2, 'DMM-II', '10:00-10:50'),
(479, 'TUE', 'A-22', 2, 'HT', '10:50-11:40'),
(480, 'TUE', 'A-22', 2, 'HT', '11:40-12:30'),
(481, 'TUE', 'A-22', 2, 'NDE', '1:20-2:10'),
(482, 'TUE', 'A-22', 2, 'FAIML', '2:10-3:00'),
(483, 'WED', 'A-22', 1, 'FAIML', '8:00-8:50'),
(484, 'WED', 'A-22', 1, 'DMM-II', '8:50-9:40'),
(485, 'WED', 'A-22', 2, 'WEEKLY TEST', '10:00-10:50'),
(486, 'WED', 'A-22', 2, 'WEEKLY TEST', '10:50-11:40'),
(487, 'WED', 'A-22', 2, 'I&M', '11:40-12:30'),
(488, 'WED', 'A-22', 2, 'HT', '1:20-2:10'),
(489, 'WED', 'A-22', 2, 'HT', '2:10-3:00'),
(490, 'THU', 'A-22', 1, 'HT', '8:00-8:50'),
(491, 'THU', 'A-22', 1, 'I&M', '8:50-9:40'),
(492, 'THU', 'A-22', 2, 'NDE', '10:00-10:50'),
(493, 'THU', 'A-22', 2, 'HT', '10:50-11:40'),
(494, 'THU', 'A-22', 2, 'DMM-II', '11:40-12:30'),
(495, 'THU', 'A-22', 2, 'FAIML', '1:20-2:10'),
(496, 'THU', 'A-22', 2, 'LIBRARY', '2:10-3:00'),
(497, 'FRI', 'A-22', 1, 'DMM-II', '8:00-8:50'),
(498, 'FRI', 'A-22', 1, 'I&M', '8:50-9:40'),
(499, 'FRI', 'A-22', 2, 'NDE', '10:00-10:50'),
(500, 'FRI', 'A-22', 2, 'FAIML', '10:50-11:40'),
(501, 'FRI', 'A-22', 2, 'FAIML', '11:40-12:30'),
(502, 'FRI', 'A-22', 2, 'I&M', '1:20-2:10'),
(503, 'FRI', 'A-22', 2, 'COU', '2:10-3:00'),
(504, 'SAT', 'A-22', 1, 'ACS', '8:00-8:50'),
(505, 'SAT', 'A-22', 1, 'ACS', '8:50-9:40'),
(506, 'SAT', 'A-22', 2, 'LAB-2/LAB-1', '10:00-10:50'),
(507, 'SAT', 'A-22', 2, 'LAB-2/LAB-1', '10:50-11:40'),
(508, 'SAT', 'A-22', 2, 'LAB-2/LAB-1', '11:40-12:30'),
(509, 'SAT', 'A-22', 2, 'NDE', '1:20-2:10'),
(510, 'SAT', 'A-22', 2, 'SPORTS', '2:10-3:00'),
(518, 'MON', 'A24', 1, 'CNS', '8:00-8:50'),
(519, 'MON', 'A24', 1, 'AI', '8:50-9:40'),
(520, 'MON', 'A24', 2, 'GIT&GITHUB LAB(SKILL)', '10:00-10:50'),
(521, 'MON', 'A24', 2, 'GIT&GITHUB LAB(SKILL)', '10:50-11:40'),
(522, 'MON', 'A24', 2, 'GIT&GITHUB LAB(SKILL)', '11:40-12:30'),
(523, 'MON', 'A24', 2, 'MEFA', '1:20-2:10'),
(524, 'MON', 'A24', 2, 'LIB', '2:10-3:00'),
(525, 'TUE', 'A24', 1, 'UNIX', '8:00-8:50'),
(526, 'TUE', 'A24', 1, 'CNS', '8:50-9:40'),
(527, 'TUE', 'A24', 2, 'MEFA', '10:00-10:50'),
(528, 'TUE', 'A24', 2, 'ML', '10:50-11:40'),
(529, 'TUE', 'A24', 2, 'CNS', '11:40-12:30'),
(530, 'TUE', 'A24', 2, 'AI', '1:20-2:10'),
(531, 'TUE', 'A24', 2, 'COUNS', '2:10-3:00'),
(532, 'WED', 'A24', 1, 'WEEKLY TEST REVISION', '8:00-8:50'),
(533, 'WED', 'A24', 1, 'WEEKLY TEST REVISION', '8:50-9:40'),
(534, 'WED', 'A24', 2, 'WEEKLY TEST', '10:00-10:50'),
(535, 'WED', 'A24', 2, 'WEEKLY TEST', '10:50-11:40'),
(536, 'WED', 'A24', 2, 'UNIX', '11:40-12:30'),
(537, 'WED', 'A24', 2, 'ML', '1:20-2:10'),
(538, 'WED', 'A24', 2, 'IA/ VERBAL SKILLS', '2:10-3:00'),
(539, 'THU', 'A24', 1, 'ML LAB', '8:00-8:50'),
(540, 'THU', 'A24', 1, 'ML LAB', '8:50-9:40'),
(541, 'THU', 'A24', 2, 'ML LAB', '10:00-10:50'),
(542, 'THU', 'A24', 2, 'MEFA', '10:50-11:40'),
(543, 'THU', 'A24', 2, 'CNS', '11:40-12:30'),
(544, 'THU', 'A24', 2, 'UNIX', '1:20-2:10'),
(545, 'THU', 'A24', 2, 'AI', '2:10-3:00'),
(546, 'FRI', 'A24', 1, 'OOAD LAB', '8:00-8:50'),
(547, 'FRI', 'A24', 1, 'OOAD LAB', '8:50-9:40'),
(548, 'FRI', 'A24', 2, 'OOAD LAB', '10:00-10:50'),
(549, 'FRI', 'A24', 2, 'MEFA', '10:50-11:40'),
(550, 'FRI', 'A24', 2, 'UNIX', '11:40-12:30'),
(551, 'FRI', 'A24', 2, 'AI', '1:20-2:10'),
(552, 'FRI', 'A24', 2, 'ML', '2:10-3:00'),
(553, 'SAT', 'A24', 1, 'ML', '8:00-8:50'),
(554, 'SAT', 'A24', 1, 'UNIX', '8:50-9:40'),
(555, 'SAT', 'A24', 2, 'CNS', '10:00-10:50'),
(556, 'SAT', 'A24', 2, 'AI', '10:50-11:40'),
(557, 'SAT', 'A24', 2, 'ML', '11:40-12:30'),
(558, 'SAT', 'A24', 2, 'MEFA', '1:20-2:10'),
(559, 'SAT', 'A24', 2, 'SPORTS', '2:10-3:00'),
(560, 'MON', 'A-31', 1, 'ML LAB', '8:00-8:50'),
(561, 'MON', 'A-31', 1, 'ML LAB', '8:50-9:40'),
(562, 'MON', 'A-31', 1, 'ML LAB', '10:00-10:50'),
(563, 'MON', 'A-31', 1, 'CNS', '10:50-11:40'),
(564, 'MON', 'A-31', 1, 'MEFA', '11:40-12:30'),
(565, 'MON', 'A-31', 1, 'UNIX', '1:20-2:10'),
(566, 'MON', 'A-31', 1, 'ML', '2:10-3:00'),
(567, 'TUE', 'A-31', 1, 'AI', '8:00-8:50'),
(568, 'TUE', 'A-31', 1, 'CNS', '8:50-9:40'),
(569, 'TUE', 'A-31', 1, 'GIT&GITHUB LAB(SKILL)', '10:00-10:50'),
(570, 'TUE', 'A-31', 1, 'GIT&GITHUB LAB(SKILL)', '10:50-11:40'),
(571, 'TUE', 'A-31', 1, 'GIT&GITHUB LAB(SKILL)', '11:40-12:30'),
(572, 'TUE', 'A-31', 1, 'MEFA', '1:20-2:10'),
(573, 'TUE', 'A-31', 1, 'LIB', '2:10-3:00'),
(574, 'WED', 'A-31', 1, 'WEEKLY TEST REVISION', '8:00-8:50'),
(575, 'WED', 'A-31', 1, 'WEEKLY TEST REVISION', '8:50-9:40'),
(576, 'WED', 'A-31', 1, 'WEEKLY TEST', '10:00-10:50'),
(577, 'WED', 'A-31', 1, 'WEEKLY TEST REVISION', '10:50-11:40'),
(578, 'WED', 'A-31', 1, 'ML', '11:40-12:30'),
(579, 'WED', 'A-31', 1, 'AI', '1:20-2:10'),
(580, 'WED', 'A-31', 1, 'CNS', '2:10-3:00'),
(581, 'THU', 'A-31', 1, 'OOAD LAB', '8:00-8:50'),
(582, 'THU', 'A-31', 1, 'OOAD LAB', '8:50-9:40'),
(583, 'THU', 'A-31', 1, 'OOAD LAB', '10:00-10:50'),
(584, 'THU', 'A-31', 1, 'ML', '10:50-11:40'),
(585, 'THU', 'A-31', 1, 'MEFA', '11:40-12:30'),
(586, 'THU', 'A-31', 1, 'UNIX', '1:20-2:10'),
(587, 'THU', 'A-31', 1, 'AI', '2:10-3:00'),
(588, 'FRI', 'A-31', 1, 'CNS', '8:00-8:50'),
(589, 'FRI', 'A-31', 1, 'AI', '8:50-9:40'),
(590, 'FRI', 'A-31', 1, 'MEFA', '10:00-10:50'),
(591, 'FRI', 'A-31', 1, 'IA/ VERBAL SKILLS', '10:50-11:40'),
(592, 'FRI', 'A-31', 1, 'ML', '11:40-12:30'),
(593, 'FRI', 'A-31', 1, 'UNIX', '1:20-2:10'),
(594, 'FRI', 'A-31', 1, 'SPORTS', '2:10-3:00'),
(595, 'SAT', 'A-31', 1, 'UNIX', '8:00-8:50'),
(596, 'SAT', 'A-31', 1, 'ML', '8:50-9:40'),
(597, 'SAT', 'A-31', 1, 'CNS', '10:00-10:50'),
(598, 'SAT', 'A-31', 1, 'AI', '10:50-11:40'),
(599, 'SAT', 'A-31', 1, 'UNIX', '11:40-12:30'),
(600, 'SAT', 'A-31', 1, 'MEFA', '1:20-2:10'),
(601, 'SAT', 'A-31', 1, 'COUNS', '2:10-3:00'),
(602, 'MON', 'A-32', 1, 'CNS', '8:00-8:50'),
(603, 'MON', 'A-32', 1, 'AI', '8:50-9:40'),
(604, 'MON', 'A-32', 2, 'CNS', '10:00-10:50'),
(605, 'MON', 'A-32', 2, 'UNIX', '10:50-11:40'),
(606, 'MON', 'A-32', 2, 'ML', '11:40-12:30'),
(607, 'MON', 'A-32', 2, 'MEFA', '1:20-2:10'),
(608, 'MON', 'A-32', 2, 'COUNS', '2:10-3:00'),
(609, 'TUE', 'A-32', 1, 'OOAD LAB', '8:00-8:50'),
(610, 'TUE', 'A-32', 1, 'OOAD LAB', '8:50-9:40'),
(611, 'TUE', 'A-32', 2, 'OOAD LAB', '10:00-10:50'),
(612, 'TUE', 'A-32', 2, 'MEFA', '10:50-11:40'),
(613, 'TUE', 'A-32', 2, 'AI', '11:40-12:30'),
(614, 'TUE', 'A-32', 2, 'CNS', '1:20-2:10'),
(615, 'TUE', 'A-32', 2, 'UNIX', '2:10-3:00'),
(616, 'WED', 'A-32', 1, 'WEEKLY TEST REVISION', '8:00-8:50'),
(617, 'WED', 'A-32', 1, 'WEEKLY TEST REVISION', '8:50-9:40'),
(618, 'WED', 'A-32', 2, 'WEEKLY TEST', '10:00-10:50'),
(619, 'WED', 'A-32', 2, 'WEEKLY TEST', '10:50-11:40'),
(620, 'WED', 'A-32', 2, 'AI', '11:40-12:30'),
(621, 'WED', 'A-32', 2, 'UNIX', '1:20-2:10'),
(622, 'WED', 'A-32', 2, 'ML', '2:10-3:00'),
(623, 'THU', 'A-32', 1, 'ML', '8:00-8:50'),
(624, 'THU', 'A-32', 1, 'CNS', '8:50-9:40'),
(625, 'THU', 'A-32', 2, 'GIT&GITHUB LAB(SKILL)', '10:00-10:50'),
(626, 'THU', 'A-32', 2, 'GIT&GITHUB LAB(SKILL)', '10:50-11:40'),
(627, 'THU', 'A-32', 2, 'GIT&GITHUB LAB(SKILL)', '11:40-12:30'),
(628, 'THU', 'A-32', 2, 'MEFA', '1:20-2:10'),
(629, 'THU', 'A-32', 2, 'SPORTS', '2:10-3:00'),
(630, 'FRI', 'A-32', 1, 'ML LAB', '8:00-8:50'),
(631, 'FRI', 'A-32', 1, 'ML LAB', '8:50-9:40'),
(632, 'FRI', 'A-32', 2, 'ML LAB', '10:00-10:50'),
(633, 'FRI', 'A-32', 2, 'MEFA', '10:50-11:40'),
(634, 'FRI', 'A-32', 2, 'UNIX', '11:40-12:30'),
(635, 'FRI', 'A-32', 2, 'ML', '1:20-2:10'),
(636, 'FRI', 'A-32', 2, 'LIB', '2:10-3:00'),
(637, 'SAT', 'A-32', 1, 'AI', '8:00-8:50'),
(638, 'SAT', 'A-32', 1, 'UNIX', '8:50-9:40'),
(639, 'SAT', 'A-32', 2, 'MEFA', '10:00-10:50'),
(640, 'SAT', 'A-32', 2, 'ML', '10:50-11:40'),
(641, 'SAT', 'A-32', 2, 'CNS', '11:40-12:30'),
(642, 'SAT', 'A-32', 2, 'AI', '1:20-2:10'),
(643, 'SAT', 'A-32', 2, 'IA/ VERBAL SKILLS', '2:10-3:00'),
(644, 'MON', 'A-33', 1, 'OOAD LAB', '8:00-8:50'),
(645, 'MON', 'A-33', 1, 'OOAD LAB', '8:50-9:40'),
(646, 'MON', 'A-33', 2, 'OOAD LAB', '10:00-10:50'),
(647, 'MON', 'A-33', 2, 'CNS', '10:50-11:40'),
(648, 'MON', 'A-33', 2, 'AI', '11:40-12:30'),
(649, 'MON', 'A-33', 2, 'MEFA', '1:20-2:10'),
(650, 'MON', 'A-33', 2, 'ML', '2:10-3:00'),
(651, 'TUE', 'A-33', 1, 'ML LAB', '8:00-8:50'),
(652, 'TUE', 'A-33', 1, 'ML LAB', '8:50-9:40'),
(653, 'TUE', 'A-33', 2, 'ML LAB', '10:00-10:50'),
(654, 'TUE', 'A-33', 2, 'UNIX', '10:50-11:40'),
(655, 'TUE', 'A-33', 2, 'ML', '11:40-12:30'),
(656, 'TUE', 'A-33', 2, 'MEFA', '1:20-2:10'),
(657, 'TUE', 'A-33', 2, 'CNS', '2:10-3:00'),
(658, 'WED', 'A-33', 1, 'WEEKLY TEST REVISION', '8:00-8:50'),
(659, 'WED', 'A-33', 1, 'WEEKLY TEST REVISION', '8:50-9:40'),
(660, 'WED', 'A-33', 2, 'WEEKLY TEST', '10:00-10:50'),
(661, 'WED', 'A-33', 2, 'WEEKLY TEST', '10:50-11:40'),
(662, 'WED', 'A-33', 2, 'CNS', '11:40-12:30'),
(663, 'WED', 'A-33', 2, 'UNIX', '1:20-2:10'),
(664, 'WED', 'A-33', 2, 'SPORTS', '2:10-3:00'),
(665, 'THU', 'A-33', 1, 'UNIX', '8:00-8:50'),
(666, 'THU', 'A-33', 1, 'AI', '8:50-9:40'),
(667, 'THU', 'A-33', 2, 'CNS', '10:00-10:50'),
(668, 'THU', 'A-33', 2, 'ML', '10:50-11:40'),
(669, 'THU', 'A-33', 2, 'MEFA', '11:40-12:30'),
(670, 'THU', 'A-33', 2, 'AI', '1:20-2:10'),
(671, 'THU', 'A-33', 2, 'LIB', '2:10-3:00'),
(672, 'FRI', 'A-33', 1, 'ML', '8:00-8:50'),
(673, 'FRI', 'A-33', 1, 'AI', '8:50-9:40'),
(674, 'FRI', 'A-33', 2, 'GIT&GITHUB LAB(SKILL)', '10:00-10:50'),
(675, 'FRI', 'A-33', 2, 'GIT&GITHUB LAB(SKILL)', '10:50-11:40'),
(676, 'FRI', 'A-33', 2, 'GIT&GITHUB LAB(SKILL)', '11:40-12:30'),
(677, 'FRI', 'A-33', 2, 'MEFA', '1:20-2:10'),
(678, 'FRI', 'A-33', 2, 'UNIX', '2:10-3:00'),
(679, 'SAT', 'A-33', 1, 'AI', '8:00-8:50'),
(680, 'SAT', 'A-33', 1, 'ML', '8:50-9:40'),
(681, 'SAT', 'A-33', 2, 'MEFA', '10:00-10:50'),
(682, 'SAT', 'A-33', 2, 'UNIX', '10:50-11:40'),
(683, 'SAT', 'A-33', 2, 'CNS', '11:40-12:30'),
(684, 'SAT', 'A-33', 2, 'COUNS', '1:20-2:10'),
(685, 'SAT', 'A-33', 2, 'IA/ VERBAL SKILLS', '2:10-3:00'),
(819, 'MON', 'B43', 2, 'FSD', '10:00-10:50'),
(820, 'MON', 'B43', 2, 'FSD', '10:50-11:40'),
(821, 'MON', 'B43', 2, 'SMDS', '11:40-12:30'),
(822, 'MON', 'B43', 2, 'PAI', '12:30-1:20'),
(823, 'MON', 'B43', 2, 'DS LAB', '2:10-3:00'),
(824, 'MON', 'B43', 2, 'DS LAB', '3:00-3:50'),
(825, 'MON', 'B43', 2, 'DS LAB', '4:00-4:50'),
(826, 'TUE', 'B43', 2, 'DLCO', '10:00-10:50'),
(827, 'TUE', 'B43', 2, 'PAI', '10:50-11:40'),
(828, 'TUE', 'B43', 2, 'DTI', '11:40-12:30'),
(829, 'TUE', 'B43', 2, 'DTI', '12:30-1:20'),
(830, 'TUE', 'B43', 2, 'IDS', '2:10-3:00'),
(831, 'TUE', 'B43', 2, 'MEFA', '3:00-3:50'),
(832, 'TUE', 'B43', 2, 'DLCO', '4:00-4:50'),
(833, 'WED', 'B43', 2, 'WEEKLY TEST', '10:00-10:50'),
(834, 'WED', 'B43', 2, 'WEEKLY TEST', '10:50-11:40'),
(835, 'WED', 'B43', 2, 'MEFA', '11:40-12:30'),
(836, 'WED', 'B43', 2, 'IDS', '12:30-1:20'),
(837, 'WED', 'B43', 2, 'PAI', '2:10-3:00'),
(838, 'WED', 'B43', 2, 'DLCO', '3:00-3:50'),
(839, 'WED', 'B43', 2, 'LCS', '4:00-4:50'),
(840, 'THU', 'B43', 2, 'SMDS', '10:00-10:50'),
(841, 'THU', 'B43', 2, 'VS', '10:50-11:40'),
(842, 'THU', 'B43', 2, 'DLCO', '11:40-12:30'),
(843, 'THU', 'B43', 2, 'IDS', '12:30-1:20'),
(844, 'THU', 'B43', 2, 'PAI', '2:10-3:00'),
(845, 'THU', 'B43', 2, 'MEFA', '3:00-3:50'),
(846, 'THU', 'B43', 2, 'LCS', '4:00-4:50'),
(847, 'FRI', 'B43', 2, 'MEFA', '10:00-10:50'),
(848, 'FRI', 'B43', 2, 'SMDS', '10:50-11:40'),
(849, 'FRI', 'B43', 2, 'PAI', '11:40-12:30'),
(850, 'FRI', 'B43', 2, 'IDS', '12:30-1:20'),
(851, 'FRI', 'B43', 2, 'AI LAB', '2:10-3:00'),
(852, 'FRI', 'B43', 2, 'AI LAB', '3:00-3:50'),
(853, 'FRI', 'B43', 2, 'AI LAB', '4:00-4:50'),
(854, 'SAT', 'B43', 2, 'DLCO', '10:00-10:50'),
(855, 'SAT', 'B43', 2, 'IA', '10:50-11:40'),
(856, 'SAT', 'B43', 2, 'SMDS', '11:40-12:30'),
(857, 'SAT', 'B43', 2, 'IDS', '12:30-1:20'),
(858, 'SAT', 'B43', 2, 'SMDS', '2:10-3:00'),
(859, 'SAT', 'B43', 2, 'MEFA', '3:00-3:50'),
(860, 'SAT', 'B43', 2, 'LCS', '4:00-4:50'),
(1029, 'MON', 'D-43', 1, 'VLSI DESIGN', '8:00-8:50'),
(1030, 'MON', 'D-43', 1, 'CN', '8:50-9:40'),
(1031, 'MON', 'D-43', 1, 'MWOC', '10:00-10:50'),
(1032, 'MON', 'D-43', 1, 'MWOC', '10:50-11:40'),
(1033, 'MON', 'D-43', 1, 'WEB TECH', '11:40-12:30'),
(1034, 'MON', 'D-43', 1, 'JAVA', '1:20-2:10'),
(1035, 'MON', 'D-43', 1, 'SPORTS', '2:10-3:00'),
(1036, 'TUE', 'D-43', 1, 'MWOC', '8:00-8:50'),
(1037, 'TUE', 'D-43', 1, 'MWOC', '8:50-9:40'),
(1038, 'TUE', 'D-43', 1, 'MWOC LAB / VLSI LAB', '10:00-10:50'),
(1039, 'TUE', 'D-43', 1, 'MWOC LAB / VLSI LAB', '10:50-11:40'),
(1040, 'TUE', 'D-43', 1, 'MWOC LAB / VLSI LAB', '11:40-12:30'),
(1041, 'TUE', 'D-43', 1, 'DSP', '1:20-2:10'),
(1042, 'TUE', 'D-43', 1, 'JAVA', '2:10-3:00'),
(1043, 'WED', 'D-43', 1, 'WEEKLY TEST', '8:00-8:50'),
(1044, 'WED', 'D-43', 1, 'WEEKLY TEST', '8:50-9:40'),
(1045, 'WED', 'D-43', 1, 'DSP', '10:00-10:50'),
(1046, 'WED', 'D-43', 1, 'JAVA', '10:50-11:40'),
(1047, 'WED', 'D-43', 1, 'CN', '11:40-12:30'),
(1048, 'WED', 'D-43', 1, 'VLSI DESIGN', '1:20-2:10'),
(1049, 'WED', 'D-43', 1, 'LIB / COUN', '2:10-3:00'),
(1050, 'THU', 'D-43', 1, 'DSP', '8:00-8:50'),
(1051, 'THU', 'D-43', 1, 'VLSI DESIGN', '8:50-9:40'),
(1052, 'THU', 'D-43', 1, 'WEB TECH', '10:00-10:50'),
(1053, 'THU', 'D-43', 1, 'JAVA', '10:50-11:40'),
(1054, 'THU', 'D-43', 1, 'DSP LAB / MWOC LAB', '11:40-12:30'),
(1055, 'THU', 'D-43', 1, 'DSP LAB / MWOC LAB', '1:20-2:10'),
(1056, 'THU', 'D-43', 1, 'DSP LAB / MWOC LAB', '2:10-3:00'),
(1057, 'FRI', 'D-43', 1, 'WEB TECH', '8:00-8:50'),
(1058, 'FRI', 'D-43', 1, 'MWOC', '8:50-9:40'),
(1059, 'FRI', 'D-43', 1, 'VLSI DESIGN', '10:00-10:50'),
(1060, 'FRI', 'D-43', 1, 'CN', '10:50-11:40'),
(1061, 'FRI', 'D-43', 1, 'DSP', '11:40-12:30'),
(1062, 'FRI', 'D-43', 1, 'JAVA', '1:20-2:10'),
(1063, 'FRI', 'D-43', 1, 'LIB / COUN', '2:10-3:00'),
(1064, 'SAT', 'D-43', 1, 'CN', '8:00-8:50'),
(1065, 'SAT', 'D-43', 1, 'DSP', '8:50-9:40'),
(1066, 'SAT', 'D-43', 1, 'VLSI LAB / DSP LAB', '10:00-10:50'),
(1067, 'SAT', 'D-43', 1, 'VLSI LAB / DSP LAB', '10:50-11:40'),
(1068, 'SAT', 'D-43', 1, 'VLSI LAB / DSP LAB', '11:40-12:30'),
(1069, 'SAT', 'D-43', 1, 'CN', '1:20-2:10'),
(1070, 'SAT', 'D-43', 1, 'VLSI DESIGN', '2:10-3:00'),
(1071, 'MON', 'D-44', 1, 'MWOC', '8:00-8:50'),
(1072, 'MON', 'D-44', 1, 'DSP LAB / MWOC LAB', '8:50-9:40'),
(1073, 'MON', 'D-44', 1, 'DSP LAB / MWOC LAB', '10:00-10:50'),
(1074, 'MON', 'D-44', 1, 'DSP LAB / MWOC LAB', '10:50-11:40'),
(1075, 'MON', 'D-44', 1, 'ES', '11:40-12:30'),
(1076, 'MON', 'D-44', 1, 'WEB TECH', '1:20-2:10'),
(1077, 'MON', 'D-44', 1, 'JAVA', '2:10-3:00'),
(1078, 'TUE', 'D-44', 1, 'DSP', '8:00-8:50'),
(1079, 'TUE', 'D-44', 1, 'MWOC', '8:50-9:40'),
(1080, 'TUE', 'D-44', 1, 'JAVA', '10:00-10:50'),
(1081, 'TUE', 'D-44', 1, 'VLSI DESIGN', '10:50-11:40'),
(1082, 'TUE', 'D-44', 1, 'VLSI DESIGN', '11:40-12:30'),
(1083, 'TUE', 'D-44', 1, 'ES', '1:20-2:10'),
(1084, 'TUE', 'D-44', 1, 'SPORTS', '2:10-3:00'),
(1085, 'WED', 'D-44', 1, 'WEEKLY TEST', '8:00-8:50'),
(1086, 'WED', 'D-44', 1, 'WEEKLY TEST', '8:50-9:40'),
(1087, 'WED', 'D-44', 1, 'MWOC', '10:00-10:50'),
(1088, 'WED', 'D-44', 1, 'ES', '10:50-11:40'),
(1089, 'WED', 'D-44', 1, 'ES', '11:40-12:30'),
(1090, 'WED', 'D-44', 1, 'MWOC', '1:20-2:10'),
(1091, 'WED', 'D-44', 1, 'LIB/COU', '2:10-3:00'),
(1092, 'THU', 'D-44', 1, 'WEB TECH', '8:00-8:50'),
(1093, 'THU', 'D-44', 1, 'VLSI LAB / DSP LAB', '8:50-9:40'),
(1094, 'THU', 'D-44', 1, 'VLSI LAB / DSP LAB', '10:00-10:50'),
(1095, 'THU', 'D-44', 1, 'VLSI LAB / DSP LAB', '10:50-11:40'),
(1096, 'THU', 'D-44', 1, 'DSP', '11:40-12:30'),
(1097, 'THU', 'D-44', 1, 'VLSI DESIGN', '1:20-2:10'),
(1098, 'THU', 'D-44', 1, 'JAVA', '2:10-3:00'),
(1099, 'FRI', 'D-44', 1, 'MWOC', '8:00-8:50'),
(1100, 'FRI', 'D-44', 1, 'DSP', '8:50-9:40'),
(1101, 'FRI', 'D-44', 1, 'JAVA', '10:00-10:50'),
(1102, 'FRI', 'D-44', 1, 'VLSI DESIGN', '10:50-11:40'),
(1103, 'FRI', 'D-44', 1, 'VLSI DESIGN', '11:40-12:30'),
(1104, 'FRI', 'D-44', 1, 'DSP', '1:20-2:10'),
(1105, 'FRI', 'D-44', 1, 'LIB/COU', '2:10-3:00'),
(1106, 'SAT', 'D-44', 1, 'JAVA', '8:00-8:50'),
(1107, 'SAT', 'D-44', 1, 'WEB TECH', '8:50-9:40'),
(1108, 'SAT', 'D-44', 1, 'DSP', '10:00-10:50'),
(1109, 'SAT', 'D-44', 1, 'ES', '10:50-11:40'),
(1110, 'SAT', 'D-44', 1, 'MWOC LAB / VLSI LAB', '11:40-12:30'),
(1111, 'SAT', 'D-44', 1, 'MWOC LAB / VLSI LAB', '1:20-2:10'),
(1112, 'SAT', 'D-44', 1, 'MWOC LAB / VLSI LAB', '2:10-3:00'),
(1113, 'MON', 'E-33', 1, 'PC', '8:00-8:50'),
(1114, 'MON', 'E-33', 1, 'PC', '8:50-9:40'),
(1115, 'MON', 'E-33', 2, 'CTM', '10:00-10:50'),
(1116, 'MON', 'E-33', 2, 'CTM', '10:50-11:40'),
(1117, 'MON', 'E-33', 2, 'ERP', '11:40-12:30'),
(1118, 'MON', 'E-33', 2, 'ERP', '1:20-2:10'),
(1119, 'MON', 'E-33', 1, 'LIB', '2:10-3:00'),
(1120, 'TUE', 'E-33', 1, 'ETC', '8:00-8:50'),
(1121, 'TUE', 'E-33', 1, 'ETC', '8:50-9:40'),
(1122, 'TUE', 'E-33', 2, 'GES', '10:00-10:50'),
(1123, 'TUE', 'E-33', 2, 'GES', '10:50-11:40'),
(1124, 'TUE', 'E-33', 2, 'DSS', '11:40-12:30'),
(1125, 'TUE', 'E-33', 2, 'UHV&PE', '1:20-2:10'),
(1126, 'TUE', 'E-33', 2, 'UHV&PE', '2:10-3:00'),
(1127, 'WED', 'E-33', 1, 'WEEKLY TEST', '8:00-8:50'),
(1128, 'WED', 'E-33', 1, 'WEEKLY TEST', '8:50-9:40'),
(1129, 'WED', 'E-33', 2, 'GES', '10:00-10:50'),
(1130, 'WED', 'E-33', 2, 'GES', '10:50-11:40'),
(1131, 'WED', 'E-33', 2, 'CTM', '11:40-12:30'),
(1132, 'WED', 'E-33', 2, 'CTM', '1:20-2:10'),
(1133, 'WED', 'E-33', 2, 'SPORTS', '2:10-3:00'),
(1134, 'THU', 'E-33', 1, 'CTM', '8:00-8:50'),
(1135, 'THU', 'E-33', 1, 'PC', '8:50-9:40'),
(1136, 'THU', 'E-33', 2, 'ETC', '10:00-10:50'),
(1137, 'THU', 'E-33', 2, 'ETC', '10:50-11:40'),
(1138, 'THU', 'E-33', 2, 'AMUS LAB', '11:40-12:30'),
(1139, 'THU', 'E-33', 2, 'AMUS LAB', '1:20-2:10'),
(1140, 'THU', 'E-33', 2, 'AMUS LAB', '2:10-3:00'),
(1141, 'FRI', 'E-33', 1, 'DSS', '8:00-8:50'),
(1142, 'FRI', 'E-33', 1, 'DSS', '8:50-9:40'),
(1143, 'FRI', 'E-33', 2, 'ETC', '10:00-10:50'),
(1144, 'FRI', 'E-33', 2, 'GES', '10:50-11:40'),
(1145, 'FRI', 'E-33', 2, 'QE&PM LAB', '11:40-12:30'),
(1146, 'FRI', 'E-33', 2, 'QE&PM LAB', '1:20-2:10'),
(1147, 'FRI', 'E-33', 2, 'QE&PM LAB', '2:10-3:00'),
(1148, 'SAT', 'E-33', 1, 'DSS', '8:00-8:50'),
(1149, 'SAT', 'E-33', 1, 'DSS', '8:50-9:40'),
(1150, 'SAT', 'E-33', 2, 'PC', '10:00-10:50'),
(1151, 'SAT', 'E-33', 2, 'PC', '10:50-11:40'),
(1152, 'SAT', 'E-33', 2, 'EG LAB', '11:40-12:30'),
(1153, 'SAT', 'E-33', 2, 'EG LAB', '1:20-2:10'),
(1154, 'SAT', 'E-33', 2, 'EG LAB', '2:10-3:00'),
(1155, 'MON', 'B-53', 1, 'CN', '8:00-8:50'),
(1156, 'MON', 'B-53', 1, 'EPC', '8:50-9:40'),
(1157, 'MON', 'B-53', 1, 'CN', '10:00-10:50'),
(1158, 'MON', 'B-53', 1, 'SPM', '10:50-11:40'),
(1159, 'MON', 'B-53', 1, 'UHV', '11:40-12:30'),
(1160, 'MON', 'B-53', 1, 'BDA', '1:20-2:10'),
(1161, 'MON', 'B-53', 1, 'BDA', '2:10-3:00'),
(1162, 'TUE', 'B-53', 1, 'EPC', '8:00-8:50'),
(1163, 'TUE', 'B-53', 1, 'DL', '8:50-9:40'),
(1164, 'TUE', 'B-53', 1, 'CN', '10:00-10:50'),
(1165, 'TUE', 'B-53', 1, 'UHV', '10:50-11:40'),
(1166, 'TUE', 'B-53', 1, 'SPM', '11:40-12:30'),
(1167, 'TUE', 'B-53', 1, 'TABLEAU', '1:20-2:10'),
(1168, 'TUE', 'B-53', 1, 'TABLEAU', '2:10-3:00'),
(1169, 'WED', 'B-53', 1, 'DL', '8:00-8:50'),
(1170, 'WED', 'B-53', 1, 'CN', '8:50-9:40'),
(1171, 'WED', 'B-53', 1, 'WEEKLY TEST', '10:00-10:50'),
(1172, 'WED', 'B-53', 1, 'WEEKLY TEST', '10:50-11:40'),
(1173, 'WED', 'B-53', 1, 'SPM', '11:40-12:30'),
(1174, 'WED', 'B-53', 1, 'EPC', '1:20-2:10'),
(1175, 'WED', 'B-53', 1, 'DL', '2:10-3:00'),
(1176, 'THU', 'B-53', 1, 'CN', '8:00-8:50'),
(1177, 'THU', 'B-53', 1, 'DL', '8:50-9:40'),
(1178, 'THU', 'B-53', 1, 'CN LAB', '10:00-10:50'),
(1179, 'THU', 'B-53', 1, 'CN LAB', '10:50-11:40'),
(1180, 'THU', 'B-53', 1, 'CN LAB', '11:40-12:30'),
(1181, 'THU', 'B-53', 1, 'BDA', '1:20-2:10'),
(1182, 'THU', 'B-53', 1, 'LCS', '2:10-3:00'),
(1183, 'FRI', 'B-53', 1, 'DL', '8:00-8:50'),
(1184, 'FRI', 'B-53', 1, 'EPC', '8:50-9:40'),
(1185, 'FRI', 'B-53', 1, 'DL LAB', '10:00-10:50'),
(1186, 'FRI', 'B-53', 1, 'DL LAB', '10:50-11:40'),
(1187, 'FRI', 'B-53', 1, 'DL LAB', '11:40-12:30'),
(1188, 'FRI', 'B-53', 1, 'BDA', '1:20-2:10'),
(1189, 'FRI', 'B-53', 1, 'LCS', '2:10-3:00'),
(1190, 'SAT', 'B-53', 1, 'EPC', '8:00-8:50'),
(1191, 'SAT', 'B-53', 1, 'BDA', '8:50-9:40'),
(1192, 'SAT', 'B-53', 1, 'NoSQL LAB', '10:00-10:50'),
(1193, 'SAT', 'B-53', 1, 'NoSQL LAB', '10:50-11:40'),
(1194, 'SAT', 'B-53', 1, 'NoSQL LAB', '11:40-12:30'),
(1195, 'SAT', 'B-53', 1, 'SPM', '1:20-2:10'),
(1196, 'SAT', 'B-53', 1, 'LCS', '2:10-3:00'),
(1197, 'MON', 'B-24', 1, 'MPMC', '8:00-8:50'),
(1198, 'MON', 'B-24', 1, 'ML\\CN', '8:50-9:40'),
(1199, 'MON', 'B-24', 1, 'SGP', '10:00-10:50'),
(1200, 'MON', 'B-24', 1, 'PSA', '10:50-11:40'),
(1201, 'MON', 'B-24', 1, 'ES LAB\\ES LAB', '11:40-12:30'),
(1202, 'MON', 'B-24', 1, 'ES LAB\\ES LAB', '1:20-2:10'),
(1203, 'MON', 'B-24', 1, 'ES LAB\\ES LAB', '2:10-3:00'),
(1204, 'TUE', 'B-24', 1, 'PECD', '8:00-8:50'),
(1205, 'TUE', 'B-24', 1, 'MPMC', '8:50-9:40'),
(1206, 'TUE', 'B-24', 1, 'PSA', '10:00-10:50'),
(1207, 'TUE', 'B-24', 1, 'SGP', '10:50-11:40'),
(1208, 'TUE', 'B-24', 1, 'PECD', '11:40-12:30'),
(1209, 'TUE', 'B-24', 1, 'ML\\CN', '1:20-2:10'),
(1210, 'TUE', 'B-24', 1, 'LIBRARY', '2:10-3:00'),
(1211, 'WED', 'B-24', 1, 'WEEKLY TEST', '8:00-8:50'),
(1212, 'WED', 'B-24', 1, 'WEEKLY TEST', '8:50-9:40'),
(1213, 'WED', 'B-24', 1, 'MPMC LAB\\AE&D LAB', '10:00-10:50'),
(1214, 'WED', 'B-24', 1, 'MPMC LAB\\AE&D LAB', '10:50-11:40'),
(1215, 'WED', 'B-24', 1, 'MPMC LAB\\AE&D LAB', '11:40-12:30'),
(1216, 'WED', 'B-24', 1, 'SGP', '1:20-2:10'),
(1217, 'WED', 'B-24', 1, 'MPMC', '2:10-3:00'),
(1218, 'THU', 'B-24', 1, 'PSA', '8:00-8:50'),
(1219, 'THU', 'B-24', 1, 'MPMC', '8:50-9:40'),
(1220, 'THU', 'B-24', 1, 'SGP', '10:00-10:50'),
(1221, 'THU', 'B-24', 1, 'PECD', '10:50-11:40'),
(1222, 'THU', 'B-24', 1, 'PSA', '11:40-12:30'),
(1223, 'THU', 'B-24', 1, 'ML\\CN', '1:20-2:10'),
(1224, 'THU', 'B-24', 1, 'COU', '2:10-3:00'),
(1225, 'FRI', 'B-24', 1, 'ML\\CN', '8:00-8:50'),
(1226, 'FRI', 'B-24', 1, 'ML\\CN', '8:50-9:40'),
(1227, 'FRI', 'B-24', 1, 'AE&D LAB\\MPMC LAB', '10:00-10:50'),
(1228, 'FRI', 'B-24', 1, 'AE&D LAB\\MPMC LAB', '10:50-11:40'),
(1229, 'FRI', 'B-24', 1, 'AE&D LAB\\MPMC LAB', '11:40-12:30'),
(1230, 'FRI', 'B-24', 1, 'MPMC', '1:20-2:10'),
(1231, 'FRI', 'B-24', 1, 'PECD', '2:10-3:00'),
(1232, 'SAT', 'B-24', 1, 'SGP', '8:00-8:50'),
(1233, 'SAT', 'B-24', 1, 'PSA', '8:50-9:40'),
(1234, 'SAT', 'B-24', 1, 'PECD', '10:00-10:50'),
(1235, 'SAT', 'B-24', 1, 'ES', '10:50-11:40'),
(1236, 'SAT', 'B-24', 1, 'ES', '11:40-12:30'),
(1237, 'SAT', 'B-24', 1, 'ES', '1:20-2:10'),
(1238, 'SAT', 'B-24', 1, 'SPORTS', '2:10-3:00'),
(1239, 'MON', 'C-22', 1, 'SGP', '8:00-8:50'),
(1240, 'MON', 'C-22', 1, 'ML\\CN', '8:50-9:40'),
(1241, 'MON', 'C-22', 1, 'PSA', '10:00-10:50'),
(1242, 'MON', 'C-22', 1, 'MPMC', '10:50-11:40'),
(1243, 'MON', 'C-22', 1, 'PECD', '11:40-12:30'),
(1244, 'MON', 'C-22', 1, 'PECD', '1:20-2:10'),
(1245, 'MON', 'C-22', 1, 'LIBRARY', '2:10-3:00'),
(1246, 'TUE', 'C-22', 1, 'ES', '8:00-8:50'),
(1247, 'TUE', 'C-22', 1, 'ES', '8:50-9:40'),
(1248, 'TUE', 'C-22', 1, 'ES', '10:00-10:50'),
(1249, 'TUE', 'C-22', 1, 'PECD', '10:50-11:40'),
(1250, 'TUE', 'C-22', 1, 'PSA', '11:40-12:30'),
(1251, 'TUE', 'C-22', 1, 'ML\\CN', '1:20-2:10'),
(1252, 'TUE', 'C-22', 1, 'MPMC', '2:10-3:00'),
(1253, 'WED', 'C-22', 1, 'WEEKLY TEST', '8:00-8:50'),
(1254, 'WED', 'C-22', 1, 'WEEKLY TEST', '8:50-9:40'),
(1255, 'WED', 'C-22', 1, 'SGP', '10:00-10:50'),
(1256, 'WED', 'C-22', 1, 'SGP', '10:50-11:40'),
(1257, 'WED', 'C-22', 1, 'PSA', '11:40-12:30'),
(1258, 'WED', 'C-22', 1, 'MPMC', '1:20-2:10'),
(1259, 'WED', 'C-22', 1, 'COU', '2:10-3:00'),
(1260, 'THU', 'C-22', 1, 'MPMC', '8:00-8:50'),
(1261, 'THU', 'C-22', 1, 'SGP', '8:50-9:40'),
(1262, 'THU', 'C-22', 1, 'MPMC LAB\\AE&D LAB', '10:00-10:50'),
(1263, 'THU', 'C-22', 1, 'MPMC LAB\\AE&D LAB', '10:50-11:40'),
(1264, 'THU', 'C-22', 1, 'MPMC LAB\\AE&D LAB', '11:40-12:30'),
(1265, 'THU', 'C-22', 1, 'ML\\CN', '1:20-2:10'),
(1266, 'THU', 'C-22', 1, 'PECD', '2:10-3:00'),
(1267, 'FRI', 'C-22', 1, 'ML\\CN', '8:00-8:50'),
(1268, 'FRI', 'C-22', 1, 'ML\\CN', '8:50-9:40'),
(1269, 'FRI', 'C-22', 1, 'PECD', '10:00-10:50'),
(1270, 'FRI', 'C-22', 1, 'PSA', '10:50-11:40'),
(1271, 'FRI', 'C-22', 1, 'ES LAB\\ES LAB', '11:40-12:30'),
(1272, 'FRI', 'C-22', 1, 'ES LAB\\ES LAB', '1:20-2:10'),
(1273, 'FRI', 'C-22', 1, 'ES LAB\\ES LAB', '2:10-3:00'),
(1274, 'SAT', 'C-22', 1, 'AE&D LAB\\MPMC LAB', '8:00-8:50'),
(1275, 'SAT', 'C-22', 1, 'AE&D LAB\\MPMC LAB', '8:50-9:40'),
(1276, 'SAT', 'C-22', 1, 'AE&D LAB\\MPMC LAB', '10:00-10:50'),
(1277, 'SAT', 'C-22', 1, 'PSA', '10:50-11:40'),
(1278, 'SAT', 'C-22', 1, 'MPMC', '11:40-12:30'),
(1279, 'SAT', 'C-22', 1, 'SGP', '1:20-2:10'),
(1280, 'SAT', 'C-22', 1, 'SPORTS', '2:10-3:00'),
(1281, 'MON', 'A-34', 1, 'ML LAB', '8:00-8:50'),
(1282, 'MON', 'A-34', 1, 'ML LAB', '8:50-9:40'),
(1283, 'MON', 'A-34', 1, 'ML LAB', '10:00-10:50'),
(1284, 'MON', 'A-34', 1, 'CNS', '10:50-11:40'),
(1285, 'MON', 'A-34', 1, 'OR', '11:40-12:30'),
(1286, 'MON', 'A-34', 1, 'NLP', '1:20-2:10'),
(1287, 'MON', 'A-34', 1, 'MEFA', '2:10-3:00'),
(1288, 'TUE', 'A-34', 1, 'NLP LAB', '8:00-8:50'),
(1289, 'TUE', 'A-34', 1, 'NLP LAB', '8:50-9:40'),
(1290, 'TUE', 'A-34', 1, 'NLP LAB', '10:00-10:50'),
(1291, 'TUE', 'A-34', 1, 'ML', '10:50-11:40'),
(1292, 'TUE', 'A-34', 1, 'NLP', '11:40-12:30'),
(1293, 'TUE', 'A-34', 1, 'OR', '1:20-2:10'),
(1294, 'TUE', 'A-34', 1, 'LCS', '2:10-3:00'),
(1295, 'WED', 'A-34', 1, 'WEEKLY TEST REVISION', '8:00-8:50'),
(1296, 'WED', 'A-34', 1, 'WEEKLY TEST REVISION', '8:50-9:40'),
(1297, 'WED', 'A-34', 1, 'WEEKLY TEST', '10:00-10:50'),
(1298, 'WED', 'A-34', 1, 'WEEKLY TEST', '10:50-11:40'),
(1299, 'WED', 'A-34', 1, 'CNS', '11:40-12:30'),
(1300, 'WED', 'A-34', 1, 'MEFA', '1:20-2:10'),
(1301, 'WED', 'A-34', 1, 'LCS', '2:10-3:00'),
(1302, 'THU', 'A-34', 1, 'G&GHE', '8:00-8:50'),
(1303, 'THU', 'A-34', 1, 'G&GHE', '8:50-9:40'),
(1304, 'THU', 'A-34', 1, 'G&GHE', '10:00-10:50'),
(1305, 'THU', 'A-34', 1, 'CNS', '10:50-11:40'),
(1306, 'THU', 'A-34', 1, 'OR', '11:40-12:30'),
(1307, 'THU', 'A-34', 1, 'ML', '1:20-2:10'),
(1308, 'THU', 'A-34', 1, 'MEFA', '2:10-3:00'),
(1309, 'FRI', 'A-34', 1, 'OR', '8:00-8:50'),
(1310, 'FRI', 'A-34', 1, 'OR', '8:50-9:40'),
(1311, 'FRI', 'A-34', 1, 'NLP', '10:00-10:50'),
(1312, 'FRI', 'A-34', 1, 'MEFA', '10:50-11:40'),
(1313, 'FRI', 'A-34', 1, 'ML', '11:40-12:30'),
(1314, 'FRI', 'A-34', 1, 'NLP', '1:20-2:10'),
(1315, 'FRI', 'A-34', 1, 'LCS', '2:10-3:00'),
(1316, 'SAT', 'A-34', 1, 'ML', '8:00-8:50'),
(1317, 'SAT', 'A-34', 1, 'CNS', '8:50-9:40'),
(1318, 'SAT', 'A-34', 1, 'NLP', '10:00-10:50'),
(1319, 'SAT', 'A-34', 1, 'ML', '10:50-11:40'),
(1320, 'SAT', 'A-34', 1, 'CNS', '11:40-12:30'),
(1321, 'SAT', 'A-34', 1, 'MEFA', '1:20-2:10'),
(1322, 'SAT', 'A-34', 1, 'LCS', '2:10-3:00'),
(1323, 'MON', 'A-44', 1, 'CC', '8:00-8:50'),
(1324, 'MON', 'A-44', 1, 'VAPT', '8:50-9:40'),
(1325, 'MON', 'A-44', 1, 'OR', '10:00-10:50'),
(1326, 'MON', 'A-44', 1, 'ML', '10:50-11:40'),
(1327, 'MON', 'A-44', 1, 'MEFA', '11:40-12:30'),
(1328, 'MON', 'A-44', 1, 'VAPT', '1:20-2:10'),
(1329, 'MON', 'A-44', 1, 'ML', '2:10-3:00'),
(1330, 'TUE', 'A-44', 1, 'ML LAB', '8:00-8:50'),
(1331, 'TUE', 'A-44', 1, 'ML LAB', '8:50-9:40'),
(1332, 'TUE', 'A-44', 1, 'ML LAB', '10:00-10:50'),
(1333, 'TUE', 'A-44', 1, 'OR', '10:50-11:40'),
(1334, 'TUE', 'A-44', 1, 'VAPT', '11:40-12:30'),
(1335, 'TUE', 'A-44', 1, 'MEFA', '1:20-2:10'),
(1336, 'TUE', 'A-44', 1, 'CC', '2:10-3:00'),
(1337, 'WED', 'A-44', 1, 'WEEKLY TEST REVISION', '8:00-8:50'),
(1338, 'WED', 'A-44', 1, 'WEEKLY TEST REVISION', '8:50-9:40'),
(1339, 'WED', 'A-44', 1, 'WEEKLY TEST', '10:00-10:50'),
(1340, 'WED', 'A-44', 1, 'WEEKLY TEST', '10:50-11:40'),
(1341, 'WED', 'A-44', 1, 'CC', '11:40-12:30'),
(1342, 'WED', 'A-44', 1, 'OR', '1:20-2:10'),
(1343, 'WED', 'A-44', 1, 'LCS', '2:10-3:00'),
(1344, 'THU', 'A-44', 1, 'VAPT', '8:00-8:50'),
(1345, 'THU', 'A-44', 1, 'VAPT', '8:50-9:40'),
(1346, 'THU', 'A-44', 1, 'MEFA', '10:00-10:50'),
(1347, 'THU', 'A-44', 1, 'CC', '10:50-11:40'),
(1348, 'THU', 'A-44', 1, 'ML', '11:40-12:30'),
(1349, 'THU', 'A-44', 1, 'OR', '1:20-2:10'),
(1350, 'THU', 'A-44', 1, 'LCS', '2:10-3:00'),
(1351, 'FRI', 'A-44', 1, 'PT LAB', '8:00-8:50'),
(1352, 'FRI', 'A-44', 1, 'PT LAB', '8:50-9:40'),
(1353, 'FRI', 'A-44', 1, 'PT LAB', '10:00-10:50'),
(1354, 'FRI', 'A-44', 1, 'ML', '10:50-11:40'),
(1355, 'FRI', 'A-44', 1, 'CC', '11:40-12:30'),
(1356, 'FRI', 'A-44', 1, 'MEFA', '1:20-2:10'),
(1357, 'FRI', 'A-44', 1, 'LCS', '2:10-3:00'),
(1358, 'SAT', 'A-44', 1, 'CCNA LAB', '8:00-8:50'),
(1359, 'SAT', 'A-44', 1, 'CCNA LAB', '8:50-9:40'),
(1360, 'SAT', 'A-44', 1, 'CCNA LAB', '10:00-10:50'),
(1361, 'SAT', 'A-44', 1, 'OR', '10:50-11:40'),
(1362, 'SAT', 'A-44', 1, 'MEFA', '11:40-12:30'),
(1363, 'SAT', 'A-44', 1, 'ML', '1:20-2:10'),
(1364, 'SAT', 'A-44', 1, 'LCS', '2:10-3:00'),
(1365, 'MON', 'B-56', 1, 'EDA', '8:00-8:50'),
(1366, 'MON', 'B-56', 1, 'EDA', '8:50-9:40'),
(1367, 'MON', 'B-56', 1, 'EDA', '10:00-10:50'),
(1368, 'MON', 'B-56', 1, 'DE', '10:50-11:40'),
(1369, 'MON', 'B-56', 1, 'ML', '11:40-12:30'),
(1370, 'MON', 'B-56', 1, 'AI', '1:20-2:10'),
(1371, 'MON', 'B-56', 1, 'LCS', '2:10-3:00'),
(1372, 'TUE', 'B-56', 1, 'ML', '8:00-8:50'),
(1373, 'TUE', 'B-56', 1, 'AI', '8:50-9:40'),
(1374, 'TUE', 'B-56', 1, 'MEFA', '10:00-10:50'),
(1375, 'TUE', 'B-56', 1, 'DE', '10:50-11:40'),
(1376, 'TUE', 'B-56', 1, 'OR', '11:40-12:30'),
(1377, 'TUE', 'B-56', 1, 'ML', '1:20-2:10'),
(1378, 'TUE', 'B-56', 1, 'MEFA', '2:10-3:00'),
(1379, 'WED', 'B-56', 1, 'WEEKLY TEST REVISION', '8:00-8:50');
INSERT INTO `roomschedule` (`schedule_id`, `day`, `room_number`, `shift_id`, `subject`, `slot`) VALUES
(1380, 'WED', 'B-56', 1, 'WEEKLY TEST REVISION', '8:50-9:40'),
(1381, 'WED', 'B-56', 1, 'WEEKLY TEST', '10:00-10:50'),
(1382, 'WED', 'B-56', 1, 'WEEKLY TEST', '10:50-11:40'),
(1383, 'WED', 'B-56', 1, 'ML', '11:40-12:30'),
(1384, 'WED', 'B-56', 1, 'DE', '1:20-2:10'),
(1385, 'WED', 'B-56', 1, 'OR', '2:10-3:00'),
(1386, 'THU', 'B-56', 1, 'ML LAB', '8:00-8:50'),
(1387, 'THU', 'B-56', 1, 'ML LAB', '8:50-9:40'),
(1388, 'THU', 'B-56', 1, 'ML LAB', '10:00-10:50'),
(1389, 'THU', 'B-56', 1, 'DE', '10:50-11:40'),
(1390, 'THU', 'B-56', 1, 'OR', '11:40-12:30'),
(1391, 'THU', 'B-56', 1, 'MEFA', '1:20-2:10'),
(1392, 'THU', 'B-56', 1, 'AI', '2:10-3:00'),
(1393, 'FRI', 'B-56', 1, 'DE LAB', '8:00-8:50'),
(1394, 'FRI', 'B-56', 1, 'DE LAB', '8:50-9:40'),
(1395, 'FRI', 'B-56', 1, 'DE LAB', '10:00-10:50'),
(1396, 'FRI', 'B-56', 1, 'ML', '10:50-11:40'),
(1397, 'FRI', 'B-56', 1, 'MEFA', '11:40-12:30'),
(1398, 'FRI', 'B-56', 1, 'AI', '1:20-2:10'),
(1399, 'FRI', 'B-56', 1, 'LCS', '2:10-3:00'),
(1400, 'SAT', 'B-56', 1, 'OR', '8:00-8:50'),
(1401, 'SAT', 'B-56', 1, 'OR', '8:50-9:40'),
(1402, 'SAT', 'B-56', 1, 'DE', '10:00-10:50'),
(1403, 'SAT', 'B-56', 1, 'AI', '10:50-11:40'),
(1404, 'SAT', 'B-56', 1, 'MEFA', '11:40-12:30'),
(1405, 'SAT', 'B-56', 1, 'LCS', '1:20-2:10'),
(1406, 'SAT', 'B-56', 1, 'LCS', '2:10-3:00'),
(1407, 'MON', 'B-54', 1, 'EPC', '8:00-8:50'),
(1408, 'MON', 'B-54', 1, 'DL', '8:50-9:40'),
(1409, 'MON', 'B-54', 1, 'DL LAB', '10:00-10:50'),
(1410, 'MON', 'B-54', 1, 'DL LAB', '10:50-11:40'),
(1411, 'MON', 'B-54', 1, 'DL LAB', '11:40-12:30'),
(1412, 'MON', 'B-54', 1, 'SPM', '1:20-2:10'),
(1413, 'MON', 'B-54', 1, 'CN', '2:10-3:00'),
(1414, 'TUE', 'B-54', 1, 'DL', '8:00-8:50'),
(1415, 'TUE', 'B-54', 1, 'CN', '8:50-9:40'),
(1416, 'TUE', 'B-54', 1, 'NoSQL LAB', '10:00-10:50'),
(1417, 'TUE', 'B-54', 1, 'NoSQL LAB', '10:50-11:40'),
(1418, 'TUE', 'B-54', 1, 'NoSQL LAB', '11:40-12:30'),
(1419, 'TUE', 'B-54', 1, 'BDA', '1:20-2:10'),
(1420, 'TUE', 'B-54', 1, 'UHV', '2:10-3:00'),
(1421, 'WED', 'B-54', 1, 'BDA', '8:00-8:50'),
(1422, 'WED', 'B-54', 1, 'EPC', '8:50-9:40'),
(1423, 'WED', 'B-54', 1, 'WEEKLY TEST', '10:00-10:50'),
(1424, 'WED', 'B-54', 1, 'WEEKLY TEST', '10:50-11:40'),
(1425, 'WED', 'B-54', 1, 'UHV', '11:40-12:30'),
(1426, 'WED', 'B-54', 1, 'DL', '1:20-2:10'),
(1427, 'WED', 'B-54', 1, 'LCS', '2:10-3:00'),
(1428, 'THU', 'B-54', 1, 'DL', '8:00-8:50'),
(1429, 'THU', 'B-54', 1, 'EPC', '8:50-9:40'),
(1430, 'THU', 'B-54', 1, 'BDA', '10:00-10:50'),
(1431, 'THU', 'B-54', 1, 'SPM', '10:50-11:40'),
(1432, 'THU', 'B-54', 1, 'BDA', '11:40-12:30'),
(1433, 'THU', 'B-54', 1, 'DL', '1:20-2:10'),
(1434, 'THU', 'B-54', 1, 'LCS', '2:10-3:00'),
(1435, 'FRI', 'B-54', 1, 'CN', '8:00-8:50'),
(1436, 'FRI', 'B-54', 1, 'CN', '8:50-9:40'),
(1437, 'FRI', 'B-54', 1, 'SPM', '10:00-10:50'),
(1438, 'FRI', 'B-54', 1, 'EPC', '10:50-11:40'),
(1439, 'FRI', 'B-54', 1, 'SPM', '11:40-12:30'),
(1440, 'FRI', 'B-54', 1, 'TABLEAU', '1:20-2:10'),
(1441, 'FRI', 'B-54', 1, 'TABLEAU', '2:10-3:00'),
(1442, 'SAT', 'B-54', 1, 'BDA', '8:00-8:50'),
(1443, 'SAT', 'B-54', 1, 'CN', '8:50-9:40'),
(1444, 'SAT', 'B-54', 1, 'CN LAB', '10:00-10:50'),
(1445, 'SAT', 'B-54', 1, 'CN LAB', '10:50-11:40'),
(1446, 'SAT', 'B-54', 1, 'CN LAB', '11:40-12:30'),
(1447, 'SAT', 'B-54', 1, 'EPC', '1:20-2:10'),
(1448, 'SAT', 'B-54', 1, 'LCS', '2:10-3:00'),
(1449, 'MON', 'EF-04', 2, 'SQA', '10:00-10:50'),
(1450, 'MON', 'EF-04', 2, 'STM', '10:50-11:40'),
(1451, 'MON', 'EF-04', 2, 'CSS', '11:40-12:30'),
(1452, 'MON', 'EF-04', 2, 'STM', '12:30-1:20'),
(1453, 'MON', 'EF-04', 2, 'STM', '2:10-3:00'),
(1454, 'MON', 'EF-04', 2, 'PROJECT', '3:00-3:50'),
(1455, 'MON', 'EF-04', 2, 'PROJECT', '4:00-4:50'),
(1456, 'MON', 'EF-04', 2, 'SQA', '10:00-10:50'),
(1457, 'MON', 'EF-04', 2, 'STM', '10:50-11:40'),
(1458, 'MON', 'EF-04', 2, 'CSS', '11:40-12:30'),
(1459, 'MON', 'EF-04', 2, 'STM', '12:30-1:20'),
(1460, 'MON', 'EF-04', 2, 'STM', '2:10-3:00'),
(1461, 'MON', 'EF-04', 2, 'PROJECT', '3:00-3:50'),
(1462, 'MON', 'EF-04', 2, 'PROJECT', '4:00-4:50'),
(1463, 'TUE', 'EF-04', 2, 'STM', '10:00-10:50'),
(1464, 'TUE', 'EF-04', 2, 'STM', '10:50-11:40'),
(1465, 'TUE', 'EF-04', 2, 'SQA', '11:40-12:30'),
(1466, 'TUE', 'EF-04', 2, 'CSS', '12:30-1:20'),
(1467, 'TUE', 'EF-04', 2, 'PROJECT', '2:10-3:00'),
(1468, 'TUE', 'EF-04', 2, 'PROJECT', '3:00-3:50'),
(1469, 'TUE', 'EF-04', 2, 'PROJECT', '4:00-4:50'),
(1470, 'WED', 'EF-04', 2, 'SQA', '10:00-10:50'),
(1471, 'WED', 'EF-04', 2, 'SQA', '10:50-11:40'),
(1472, 'WED', 'EF-04', 2, 'CSS', '11:40-12:30'),
(1473, 'WED', 'EF-04', 2, 'STM', '12:30-1:20'),
(1474, 'WED', 'EF-04', 2, 'PROJECT', '2:10-3:00'),
(1475, 'WED', 'EF-04', 2, 'WEEKLY TEST', '3:00-3:50'),
(1476, 'WED', 'EF-04', 2, 'WEEKLY TEST', '4:00-4:50'),
(1477, 'THU', 'EF-04', 2, '', '10:00-10:50'),
(1478, 'THU', 'EF-04', 2, '', '10:50-11:40'),
(1479, 'THU', 'EF-04', 2, '', '11:40-12:30'),
(1480, 'THU', 'EF-04', 2, '', '12:30-1:20'),
(1481, 'THU', 'EF-04', 2, '', '2:10-3:00'),
(1482, 'THU', 'EF-04', 2, '', '3:00-3:50'),
(1483, 'THU', 'EF-04', 2, '', '4:00-4:50'),
(1484, 'FRI', 'EF-04', 2, '', '10:00-10:50'),
(1485, 'FRI', 'EF-04', 2, '', '10:50-11:40'),
(1486, 'FRI', 'EF-04', 2, '', '11:40-12:30'),
(1487, 'FRI', 'EF-04', 2, '', '12:30-1:20'),
(1488, 'FRI', 'EF-04', 2, '', '2:10-3:00'),
(1489, 'FRI', 'EF-04', 2, '', '3:00-3:50'),
(1490, 'FRI', 'EF-04', 2, '', '4:00-4:50'),
(1491, 'SAT', 'EF-04', 2, '', '10:00-10:50'),
(1492, 'SAT', 'EF-04', 2, '', '10:50-11:40'),
(1493, 'SAT', 'EF-04', 2, '', '11:40-12:30'),
(1494, 'SAT', 'EF-04', 2, '', '12:30-1:20'),
(1495, 'SAT', 'EF-04', 2, '', '2:10-3:00'),
(1496, 'SAT', 'EF-04', 2, '', '3:00-3:50'),
(1497, 'SAT', 'EF-04', 2, '', '4:00-4:50'),
(1498, 'MON', 'E-42', 2, 'SCMA', '10:00-10:50'),
(1499, 'MON', 'E-42', 2, 'UHV', '10:50-11:40'),
(1500, 'MON', 'E-42', 2, 'GM/HRA', '11:40-12:30'),
(1501, 'MON', 'E-42', 2, 'ABM/FA', '12:30-1:20'),
(1502, 'MON', 'E-42', 2, 'BFIN', '2:10-3:00'),
(1503, 'MON', 'E-42', 2, 'IE', '3:00-3:50'),
(1504, 'MON', 'E-42', 2, 'LS', '4:00-4:50'),
(1505, 'TUE', 'E-42', 2, 'UHV', '10:00-10:50'),
(1506, 'TUE', 'E-42', 2, 'BFIN', '10:50-11:40'),
(1507, 'TUE', 'E-42', 2, 'LS', '11:40-12:30'),
(1508, 'TUE', 'E-42', 2, 'ABM/FA', '12:30-1:20'),
(1509, 'TUE', 'E-42', 2, 'GM/HRA', '2:10-3:00'),
(1510, 'TUE', 'E-42', 2, 'ADON', '3:00-3:50'),
(1511, 'TUE', 'E-42', 2, 'ADON', '4:00-4:50'),
(1512, 'WED', 'E-42', 2, 'WEEKLY TEST', '10:00-10:50'),
(1513, 'WED', 'E-42', 2, 'WEEKLY TEST', '10:50-11:40'),
(1514, 'WED', 'E-42', 2, 'SCMA', '11:40-12:30'),
(1515, 'WED', 'E-42', 2, 'FRMD', '12:30-1:20'),
(1516, 'WED', 'E-42', 2, 'WINGS', '2:10-3:00'),
(1517, 'WED', 'E-42', 2, 'WINGS', '3:00-3:50'),
(1518, 'WED', 'E-42', 2, 'WINGS', '4:00-4:50'),
(1519, 'THU', 'E-42', 2, 'GM/HRA', '10:00-10:50'),
(1520, 'THU', 'E-42', 2, 'ABM/FA', '10:50-11:40'),
(1521, 'THU', 'E-42', 2, 'SCMA', '11:40-12:30'),
(1522, 'THU', 'E-42', 2, 'IE', '12:30-1:20'),
(1523, 'THU', 'E-42', 2, 'FRMD LAB / ACD LAB', '2:10-3:00'),
(1524, 'THU', 'E-42', 2, 'LIBRARY', '3:00-3:50'),
(1525, 'THU', 'E-42', 2, 'LIBRARY', '4:00-4:50'),
(1526, 'FRI', 'E-42', 2, 'IE', '10:00-10:50'),
(1527, 'FRI', 'E-42', 2, 'BFIN', '10:50-11:40'),
(1528, 'FRI', 'E-42', 2, 'GM/HRA', '11:40-12:30'),
(1529, 'FRI', 'E-42', 2, 'ABM/FA', '12:30-1:20'),
(1530, 'FRI', 'E-42', 2, 'FRMD', '2:10-3:00'),
(1531, 'FRI', 'E-42', 2, 'MP', '3:00-3:50'),
(1532, 'FRI', 'E-42', 2, 'SPORTS', '4:00-4:50'),
(1533, 'SAT', 'E-42', 2, 'SCMA', '10:00-10:50'),
(1534, 'SAT', 'E-42', 2, 'FRMD', '10:50-11:40'),
(1535, 'SAT', 'E-42', 2, 'ACT', '11:40-12:30'),
(1536, 'SAT', 'E-42', 2, 'BFIN', '12:30-1:20'),
(1537, 'SAT', 'E-42', 2, 'IE', '2:10-3:00'),
(1538, 'SAT', 'E-42', 2, 'MP', '3:00-3:50'),
(1539, 'SAT', 'E-42', 2, 'COUN', '4:00-4:50'),
(1540, 'MON', 'AB-02', 2, 'OS', '10:00-10:50'),
(1541, 'MON', 'AB-02', 2, 'DBMS', '10:50-11:40'),
(1542, 'MON', 'AB-02', 2, 'P&S', '11:40-12:30'),
(1543, 'MON', 'AB-02', 2, 'FLAT', '12:30-1:20'),
(1544, 'MON', 'AB-02', 2, 'PYTHON LAB', '2:10-3:00'),
(1545, 'MON', 'AB-02', 2, 'PYTHON LAB', '3:00-3:50'),
(1546, 'MON', 'AB-02', 2, 'PYTHON LAB', '4:00-4:50'),
(1547, 'TUE', 'AB-02', 2, 'DBMS', '10:00-10:50'),
(1548, 'TUE', 'AB-02', 2, 'DBMS', '10:50-11:40'),
(1549, 'TUE', 'AB-02', 2, 'OS', '11:40-12:30'),
(1550, 'TUE', 'AB-02', 2, 'MEFA', '12:30-1:20'),
(1551, 'TUE', 'AB-02', 2, 'P&S', '2:10-3:00'),
(1552, 'TUE', 'AB-02', 2, 'FLAT', '3:00-3:50'),
(1553, 'TUE', 'AB-02', 2, 'LCS', '4:00-4:50'),
(1554, 'WED', 'AB-02', 2, 'WEEKLY TEST', '10:00-10:50'),
(1555, 'WED', 'AB-02', 2, 'WEEKLY TEST', '10:50-11:40'),
(1556, 'WED', 'AB-02', 2, 'MEFA', '11:40-12:30'),
(1557, 'WED', 'AB-02', 2, 'P&S', '12:30-1:20'),
(1558, 'WED', 'AB-02', 2, 'DBMS LAB', '2:10-3:00'),
(1559, 'WED', 'AB-02', 2, 'DBMS LAB', '3:00-3:50'),
(1560, 'WED', 'AB-02', 2, 'DBMS LAB', '4:00-4:50'),
(1561, 'THU', 'AB-02', 2, 'MEFA', '10:00-10:50'),
(1562, 'THU', 'AB-02', 2, 'FLAT', '10:50-11:40'),
(1563, 'THU', 'AB-02', 2, 'DBMS', '11:40-12:30'),
(1564, 'THU', 'AB-02', 2, 'OS', '12:30-1:20'),
(1565, 'THU', 'AB-02', 2, 'DT&I', '2:10-3:00'),
(1566, 'THU', 'AB-02', 2, 'DT&I', '3:00-3:50'),
(1567, 'THU', 'AB-02', 2, 'LCS', '4:00-4:50'),
(1568, 'FRI', 'AB-02', 2, 'FLAT', '10:00-10:50'),
(1569, 'FRI', 'AB-02', 2, 'MEFA', '10:50-11:40'),
(1570, 'FRI', 'AB-02', 2, 'OS', '11:40-12:30'),
(1571, 'FRI', 'AB-02', 2, 'P&S', '12:30-1:20'),
(1572, 'FRI', 'AB-02', 2, 'OS LAB', '2:10-3:00'),
(1573, 'FRI', 'AB-02', 2, 'OS LAB', '3:00-3:50'),
(1574, 'FRI', 'AB-02', 2, 'OS LAB', '4:00-4:50'),
(1575, 'SAT', 'AB-02', 2, 'DT&I', '10:00-10:50'),
(1576, 'SAT', 'AB-02', 2, 'OS', '10:50-11:40'),
(1577, 'SAT', 'AB-02', 2, 'DBMS', '11:40-12:30'),
(1578, 'SAT', 'AB-02', 2, 'FLAT', '12:30-1:20'),
(1579, 'SAT', 'AB-02', 2, 'P&S', '2:10-3:00'),
(1580, 'SAT', 'AB-02', 2, 'MEFA', '3:00-3:50'),
(1581, 'SAT', 'AB-02', 2, 'LCS', '4:00-4:50'),
(1582, 'MON', 'A-12', 2, 'DBMS', '10:00-10:50'),
(1583, 'MON', 'A-12', 2, 'OS', '10:50-11:40'),
(1584, 'MON', 'A-12', 2, 'MEFA', '11:40-12:30'),
(1585, 'MON', 'A-12', 2, 'FLAT', '12:30-1:20'),
(1586, 'MON', 'A-12', 2, 'P&S', '2:10-3:00'),
(1587, 'MON', 'A-12', 2, 'LCS', '3:00-3:50'),
(1588, 'MON', 'A-12', 2, 'LCS', '4:00-4:50'),
(1589, 'TUE', 'A-12', 2, 'OS', '10:00-10:50'),
(1590, 'TUE', 'A-12', 2, 'MEFA', '10:50-11:40'),
(1591, 'TUE', 'A-12', 2, 'FLAT', '11:40-12:30'),
(1592, 'TUE', 'A-12', 2, 'DBMS', '12:30-1:20'),
(1593, 'TUE', 'A-12', 2, 'PYTHON LAB', '2:10-3:00'),
(1594, 'TUE', 'A-12', 2, 'PYTHON LAB', '3:00-3:50'),
(1595, 'TUE', 'A-12', 2, 'PYTHON LAB', '4:00-4:50'),
(1596, 'WED', 'A-12', 2, 'WEEKLY TEST', '10:00-10:50'),
(1597, 'WED', 'A-12', 2, 'WEEKLY TEST', '10:50-11:40'),
(1598, 'WED', 'A-12', 2, 'P&S', '11:40-12:30'),
(1599, 'WED', 'A-12', 2, 'OS', '12:30-1:20'),
(1600, 'WED', 'A-12', 2, 'DT&I', '2:10-3:00'),
(1601, 'WED', 'A-12', 2, 'DT&I', '3:00-3:50'),
(1602, 'WED', 'A-12', 2, 'MEFA', '4:00-4:50'),
(1603, 'THU', 'A-12', 2, 'MEFA', '10:00-10:50'),
(1604, 'THU', 'A-12', 2, 'FLAT', '10:50-11:40'),
(1605, 'THU', 'A-12', 2, 'DBMS', '11:40-12:30'),
(1606, 'THU', 'A-12', 2, 'P&S', '12:30-1:20'),
(1607, 'THU', 'A-12', 2, 'OS LAB', '2:10-3:00'),
(1608, 'THU', 'A-12', 2, 'OS LAB', '3:00-3:50'),
(1609, 'THU', 'A-12', 2, 'OS LAB', '4:00-4:50'),
(1610, 'FRI', 'A-12', 2, 'P&S', '10:00-10:50'),
(1611, 'FRI', 'A-12', 2, 'FLAT', '10:50-11:40'),
(1612, 'FRI', 'A-12', 2, 'OS', '11:40-12:30'),
(1613, 'FRI', 'A-12', 2, 'DBMS', '12:30-1:20'),
(1614, 'FRI', 'A-12', 2, 'DBMS LAB', '2:10-3:00'),
(1615, 'FRI', 'A-12', 2, 'DBMS LAB', '3:00-3:50'),
(1616, 'FRI', 'A-12', 2, 'DBMS LAB', '4:00-4:50'),
(1617, 'SAT', 'A-12', 2, 'FLAT', '10:00-10:50'),
(1618, 'SAT', 'A-12', 2, 'MEFA', '10:50-11:40'),
(1619, 'SAT', 'A-12', 2, 'DBMS', '11:40-12:30'),
(1620, 'SAT', 'A-12', 2, 'DT&I', '12:30-1:20'),
(1621, 'SAT', 'A-12', 2, 'OS', '2:10-3:00'),
(1622, 'SAT', 'A-12', 2, 'P&S', '3:00-3:50'),
(1623, 'SAT', 'A-12', 2, 'LCS', '4:00-4:50'),
(1624, 'MON', 'A-13', 2, 'FLAT', '10:00-10:50'),
(1625, 'MON', 'A-13', 2, 'P&S', '10:50-11:40'),
(1626, 'MON', 'A-13', 2, 'MEFA', '11:40-12:30'),
(1627, 'MON', 'A-13', 2, 'OS', '12:30-1:20'),
(1628, 'MON', 'A-13', 2, 'DBMS LAB', '2:10-3:00'),
(1629, 'MON', 'A-13', 2, 'DBMS LAB', '3:00-3:50'),
(1630, 'MON', 'A-13', 2, 'DBMS LAB', '4:00-4:50'),
(1631, 'MON', 'A-13', 2, 'FLAT', '10:00-10:50'),
(1632, 'MON', 'A-13', 2, 'P&S', '10:50-11:40'),
(1633, 'MON', 'A-13', 2, 'MEFA', '11:40-12:30'),
(1634, 'MON', 'A-13', 2, 'OS', '12:30-1:20'),
(1635, 'MON', 'A-13', 2, 'DBMS LAB', '2:10-3:00'),
(1636, 'MON', 'A-13', 2, 'DBMS LAB', '3:00-3:50'),
(1637, 'MON', 'A-13', 2, 'DBMS LAB', '4:00-4:50'),
(1638, 'TUE', 'A-13', 2, 'MEFA', '10:00-10:50'),
(1639, 'TUE', 'A-13', 2, 'DBMS', '10:50-11:40'),
(1640, 'TUE', 'A-13', 2, 'P&S', '11:40-12:30'),
(1641, 'TUE', 'A-13', 2, 'FLAT', '12:30-1:20'),
(1642, 'TUE', 'A-13', 2, 'OS LAB', '2:10-3:00'),
(1643, 'TUE', 'A-13', 2, 'OS LAB', '3:00-3:50'),
(1644, 'TUE', 'A-13', 2, 'OS LAB', '4:00-4:50'),
(1645, 'WED', 'A-13', 2, 'WEEKLY TEST', '10:00-10:50'),
(1646, 'WED', 'A-13', 2, 'WEEKLY TEST', '10:50-11:40'),
(1647, 'WED', 'A-13', 2, 'OS', '11:40-12:30'),
(1648, 'WED', 'A-13', 2, 'DBMS', '12:30-1:20'),
(1649, 'WED', 'A-13', 2, 'PYTHON LAB', '2:10-3:00'),
(1650, 'WED', 'A-13', 2, 'PYTHON LAB', '3:00-3:50'),
(1651, 'WED', 'A-13', 2, 'PYTHON LAB', '4:00-4:50'),
(1652, 'THU', 'A-13', 2, 'DBMS', '10:00-10:50'),
(1653, 'THU', 'A-13', 2, 'OS', '10:50-11:40'),
(1654, 'THU', 'A-13', 2, 'MEFA', '11:40-12:30'),
(1655, 'THU', 'A-13', 2, 'FLAT', '12:30-1:20'),
(1656, 'THU', 'A-13', 2, 'P&S', '2:10-3:00'),
(1657, 'THU', 'A-13', 2, 'DBMS', '3:00-3:50'),
(1658, 'THU', 'A-13', 2, 'LCS', '4:00-4:50'),
(1659, 'FRI', 'A-13', 2, 'OS', '10:00-10:50'),
(1660, 'FRI', 'A-13', 2, 'MEFA', '10:50-11:40'),
(1661, 'FRI', 'A-13', 2, 'P&S', '11:40-12:30'),
(1662, 'FRI', 'A-13', 2, 'FLAT', '12:30-1:20'),
(1663, 'FRI', 'A-13', 2, 'DT&I', '2:10-3:00'),
(1664, 'FRI', 'A-13', 2, 'DT&I', '3:00-3:50'),
(1665, 'FRI', 'A-13', 2, 'LCS', '4:00-4:50'),
(1666, 'SAT', 'A-13', 2, 'DBMS', '10:00-10:50'),
(1667, 'SAT', 'A-13', 2, 'DT&I', '10:50-11:40'),
(1668, 'SAT', 'A-13', 2, 'MEFA', '11:40-12:30'),
(1669, 'SAT', 'A-13', 2, 'P&S', '12:30-1:20'),
(1670, 'SAT', 'A-13', 2, 'FLAT', '2:10-3:00'),
(1671, 'SAT', 'A-13', 2, 'OS', '3:00-3:50'),
(1672, 'SAT', 'A-13', 2, 'LCS', '4:00-4:50'),
(1673, 'MON', 'A-23', 2, 'MEFA', '10:00-10:50'),
(1674, 'MON', 'A-23', 2, 'FLAT', '10:50-11:40'),
(1675, 'MON', 'A-23', 2, 'OS', '11:40-12:30'),
(1676, 'MON', 'A-23', 2, 'P&S', '12:30-1:20'),
(1677, 'MON', 'A-23', 2, 'OSLAB', '2:10-3:00'),
(1678, 'MON', 'A-23', 2, 'OS LAB', '3:00-3:50'),
(1679, 'MON', 'A-23', 2, 'OS LAB', '4:00-4:50'),
(1680, 'TUE', 'A-23', 2, 'P&S', '10:00-10:50'),
(1681, 'TUE', 'A-23', 2, 'MEFA', '10:50-11:40'),
(1682, 'TUE', 'A-23', 2, 'FLAT', '11:40-12:30'),
(1683, 'TUE', 'A-23', 2, 'DBMS', '12:30-1:20'),
(1684, 'TUE', 'A-23', 2, 'DBMS LAB', '2:10-3:00'),
(1685, 'TUE', 'A-23', 2, 'DBMS LAB', '3:00-3:50'),
(1686, 'TUE', 'A-23', 2, 'DBMS LAB', '4:00-4:50'),
(1687, 'WED', 'A-23', 2, 'WEEKLY TEST', '10:00-10:50'),
(1688, 'WED', 'A-23', 2, 'WEEKLY TEST', '10:50-11:40'),
(1689, 'WED', 'A-23', 2, 'FLAT', '11:40-12:30'),
(1690, 'WED', 'A-23', 2, 'DBMS', '12:30-1:20'),
(1691, 'WED', 'A-23', 2, 'OS', '2:10-3:00'),
(1692, 'WED', 'A-23', 2, 'P&S', '3:00-3:50'),
(1693, 'WED', 'A-23', 2, 'LCS', '4:00-4:50'),
(1694, 'THU', 'A-23', 2, 'P&S', '10:00-10:50'),
(1695, 'THU', 'A-23', 2, 'DBMS', '10:50-11:40'),
(1696, 'THU', 'A-23', 2, 'OS', '11:40-12:30'),
(1697, 'THU', 'A-23', 2, 'MEFA', '12:30-1:20'),
(1698, 'THU', 'A-23', 2, 'PYTHON LAB', '2:10-3:00'),
(1699, 'THU', 'A-23', 2, 'PYTHON LAB', '3:00-3:50'),
(1700, 'THU', 'A-23', 2, 'PYTHON LAB', '4:00-4:50'),
(1701, 'FRI', 'A-23', 2, 'OS', '10:00-10:50'),
(1702, 'FRI', 'A-23', 2, 'FLAT', '10:50-11:40'),
(1703, 'FRI', 'A-23', 2, 'DBMS', '11:40-12:30'),
(1704, 'FRI', 'A-23', 2, 'DT&I', '12:30-1:20'),
(1705, 'FRI', 'A-23', 2, 'MEFA', '2:10-3:00'),
(1706, 'FRI', 'A-23', 2, 'P&S', '3:00-3:50'),
(1707, 'FRI', 'A-23', 2, 'LCS', '4:00-4:50'),
(1708, 'SAT', 'A-23', 2, 'FLAT', '10:00-10:50'),
(1709, 'SAT', 'A-23', 2, 'MEFA', '10:50-11:40'),
(1710, 'SAT', 'A-23', 2, 'OS', '11:40-12:30'),
(1711, 'SAT', 'A-23', 2, 'DBMS', '12:30-1:20'),
(1712, 'SAT', 'A-23', 2, 'DT&I', '2:10-3:00'),
(1713, 'SAT', 'A-23', 2, 'DT&I', '3:00-3:50'),
(1714, 'SAT', 'A-23', 2, 'LCS', '4:00-4:50'),
(1715, 'MON', 'E-23', 2, 'LCS', '10:00-10:50'),
(1716, 'MON', 'E-23', 2, 'ACD LABADC LAB', '10:50-11:40'),
(1717, 'MON', 'E-23', 2, 'ACD LABADC LAB', '11:40-12:30'),
(1718, 'MON', 'E-23', 2, 'ACD LABADC LAB', '12:30-1:20'),
(1719, 'MON', 'E-23', 2, 'SOFT SKILLS', '2:10-3:00'),
(1720, 'MON', 'E-23', 2, 'EMWTL', '3:00-3:50'),
(1721, 'MON', 'E-23', 2, 'OTHERS', '4:00-4:50'),
(1722, 'TUE', 'E-23', 2, 'MEFA', '10:00-10:50'),
(1723, 'TUE', 'E-23', 2, 'ES', '10:50-11:40'),
(1724, 'TUE', 'E-23', 2, 'LCS', '11:40-12:30'),
(1725, 'TUE', 'E-23', 2, 'MEFA', '12:30-1:20'),
(1726, 'TUE', 'E-23', 2, 'ACD', '2:10-3:00'),
(1727, 'TUE', 'E-23', 2, 'ADC', '3:00-3:50'),
(1728, 'TUE', 'E-23', 2, 'OTHERS', '4:00-4:50'),
(1729, 'WED', 'E-23', 2, 'WEEKLY TEST', '10:00-10:50'),
(1730, 'WED', 'E-23', 2, 'WEEKLY TEST', '10:50-11:40'),
(1731, 'WED', 'E-23', 2, 'EMWTL', '11:40-12:30'),
(1732, 'WED', 'E-23', 2, 'ADC', '12:30-1:20'),
(1733, 'WED', 'E-23', 2, 'ACD', '2:10-3:00'),
(1734, 'WED', 'E-23', 2, 'LCS', '3:00-3:50'),
(1735, 'WED', 'E-23', 2, 'SPORTS', '4:00-4:50'),
(1736, 'THU', 'E-23', 2, 'ACD', '10:00-10:50'),
(1737, 'THU', 'E-23', 2, 'ADC', '10:50-11:40'),
(1738, 'THU', 'E-23', 2, 'MEFA', '11:40-12:30'),
(1739, 'THU', 'E-23', 2, 'EMWTL', '12:30-1:20'),
(1740, 'THU', 'E-23', 2, 'ADC LABACD LAB', '2:10-3:00'),
(1741, 'THU', 'E-23', 2, 'ADC LABACD LAB', '3:00-3:50'),
(1742, 'THU', 'E-23', 2, 'ADC LABACD LAB', '4:00-4:50'),
(1743, 'FRI', 'E-23', 2, 'ADC', '10:00-10:50'),
(1744, 'FRI', 'E-23', 2, 'ES', '10:50-11:40'),
(1745, 'FRI', 'E-23', 2, 'LCS', '11:40-12:30'),
(1746, 'FRI', 'E-23', 2, 'ACD', '12:30-1:20'),
(1747, 'FRI', 'E-23', 2, 'EMWTL', '2:10-3:00'),
(1748, 'FRI', 'E-23', 2, 'MEFA', '3:00-3:50'),
(1749, 'FRI', 'E-23', 2, 'LIBRARY', '4:00-4:50'),
(1750, 'SAT', 'E-23', 2, 'EMWTL', '10:00-10:50'),
(1751, 'SAT', 'E-23', 2, 'ACD', '10:50-11:40'),
(1752, 'SAT', 'E-23', 2, 'SOFT SKILLS', '11:40-12:30'),
(1753, 'SAT', 'E-23', 2, 'LCS', '12:30-1:20'),
(1754, 'SAT', 'E-23', 2, 'SOFT SKILL', '2:10-3:00'),
(1755, 'SAT', 'E-23', 2, 'ADC', '3:00-3:50'),
(1756, 'SAT', 'E-23', 2, 'COU', '4:00-4:50'),
(1757, 'MON', 'F-34', 2, 'LCS', '10:00-10:50'),
(1758, 'MON', 'F-34', 2, 'ADC', '10:50-11:40'),
(1759, 'MON', 'F-34', 2, 'MEFA', '11:40-12:30'),
(1760, 'MON', 'F-34', 2, 'MEFA', '12:30-1:20'),
(1761, 'MON', 'F-34', 2, 'EMWTL', '2:10-3:00'),
(1762, 'MON', 'F-34', 2, 'SOFT SKILL', '3:00-3:50'),
(1763, 'MON', 'F-34', 2, 'OTHERS', '4:00-4:50'),
(1764, 'MON', 'F-34', 2, 'LCS', '10:00-10:50'),
(1765, 'MON', 'F-34', 2, 'ADC', '10:50-11:40'),
(1766, 'MON', 'F-34', 2, 'MEFA', '11:40-12:30'),
(1767, 'MON', 'F-34', 2, 'MEFA', '12:30-1:20'),
(1768, 'MON', 'F-34', 2, 'EMWTL', '2:10-3:00'),
(1769, 'MON', 'F-34', 2, 'SOFT SKILL', '3:00-3:50'),
(1770, 'MON', 'F-34', 2, 'OTHERS', '4:00-4:50'),
(1771, 'TUE', 'F-34', 2, 'ACD', '10:00-10:50'),
(1772, 'TUE', 'F-34', 2, 'ACD LABADC LAB', '10:50-11:40'),
(1773, 'TUE', 'F-34', 2, 'ACD LABADC LAB', '11:40-12:30'),
(1774, 'TUE', 'F-34', 2, 'ACD LABADC LAB', '12:30-1:20'),
(1775, 'TUE', 'F-34', 2, 'ES', '2:10-3:00'),
(1776, 'TUE', 'F-34', 2, 'ADC', '3:00-3:50'),
(1777, 'TUE', 'F-34', 2, 'COU', '4:00-4:50'),
(1778, 'WED', 'F-34', 2, 'WEEKLY TEST', '10:00-10:50'),
(1779, 'WED', 'F-34', 2, 'WEEKLY TEST', '10:50-11:40'),
(1780, 'WED', 'F-34', 2, 'ADC', '11:40-12:30'),
(1781, 'WED', 'F-34', 2, 'LCS', '12:30-1:20'),
(1782, 'WED', 'F-34', 2, 'ADC', '2:10-3:00'),
(1783, 'WED', 'F-34', 2, 'ACD', '3:00-3:50'),
(1784, 'WED', 'F-34', 2, 'COU', '4:00-4:50'),
(1785, 'THU', 'F-34', 2, 'EMWTL', '10:00-10:50'),
(1786, 'THU', 'F-34', 2, 'LCS', '10:50-11:40'),
(1787, 'THU', 'F-34', 2, 'ACD', '11:40-12:30'),
(1788, 'THU', 'F-34', 2, 'MEFA', '12:30-1:20'),
(1789, 'THU', 'F-34', 2, 'SOFT SKILL', '2:10-3:00'),
(1790, 'THU', 'F-34', 2, 'SOFT SKILL', '3:00-3:50'),
(1791, 'THU', 'F-34', 2, 'SPORTS', '4:00-4:50'),
(1792, 'FRI', 'F-34', 2, 'ADC', '10:00-10:50'),
(1793, 'FRI', 'F-34', 2, 'ACD', '10:50-11:40'),
(1794, 'FRI', 'F-34', 2, 'EMWTL', '11:40-12:30'),
(1795, 'FRI', 'F-34', 2, 'LCS', '12:30-1:20'),
(1796, 'FRI', 'F-34', 2, 'ADC LAB/ACD LAB', '2:10-3:00'),
(1797, 'FRI', 'F-34', 2, 'ADC LAB/ACD LAB', '3:00-3:50'),
(1798, 'FRI', 'F-34', 2, 'ADC LAB/ACD LAB', '4:00-4:50'),
(1799, 'SAT', 'F-34', 2, 'MEFA', '10:00-10:50'),
(1800, 'SAT', 'F-34', 2, 'EMWTL', '10:50-11:40'),
(1801, 'SAT', 'F-34', 2, 'ACD', '11:40-12:30'),
(1802, 'SAT', 'F-34', 2, 'ES', '12:30-1:20'),
(1803, 'SAT', 'F-34', 2, 'LCS', '2:10-3:00'),
(1804, 'SAT', 'F-34', 2, 'ADC', '3:00-3:50'),
(1805, 'SAT', 'F-34', 2, 'LIBRARY', '4:00-4:50'),
(1813, 'MON', 'E-24', 2, 'EWMTL', '10:00-10:50'),
(1814, 'MON', 'E-24', 2, 'SOFT SKILL', '10:50-11:40'),
(1815, 'MON', 'E-24', 2, 'MEFA', '11:40-12:30'),
(1816, 'MON', 'E-24', 2, 'ACD', '12:30-1:20'),
(1817, 'MON', 'E-24', 2, 'ACD', '2:10-3:00'),
(1818, 'MON', 'E-24', 2, 'LCS', '3:00-3:50'),
(1819, 'MON', 'E-24', 2, 'OTHERS', '4:00-4:50'),
(1820, 'TUE', 'E-24', 2, 'ADC', '10:00-10:50'),
(1821, 'TUE', 'E-24', 2, 'EMWTL', '10:50-11:40'),
(1822, 'TUE', 'E-24', 2, 'MEFA', '11:40-12:30'),
(1823, 'TUE', 'E-24', 2, 'ADC', '12:30-1:20'),
(1824, 'TUE', 'E-24', 2, 'LCS', '2:10-3:00'),
(1825, 'TUE', 'E-24', 2, 'ES', '3:00-3:50'),
(1826, 'TUE', 'E-24', 2, 'OTHERS', '4:00-4:50'),
(1827, 'WED', 'E-24', 2, 'WEEKLY TEST', '10:00-10:50'),
(1828, 'WED', 'E-24', 2, 'WEEKLY TEST', '10:50-11:40'),
(1829, 'WED', 'E-24', 2, 'ADC', '11:40-12:30'),
(1830, 'WED', 'E-24', 2, 'ACD', '12:30-1:20'),
(1831, 'WED', 'E-24', 2, 'ACD LAB/ADC LAB', '2:10-3:00'),
(1832, 'WED', 'E-24', 2, 'ADC LAB/ACD LAB', '3:00-3:50'),
(1833, 'WED', 'E-24', 2, 'ADC LAB/ACD LAB', '4:00-4:50'),
(1834, 'THU', 'E-24', 2, 'ADC', '10:00-10:50'),
(1835, 'THU', 'E-24', 2, 'EMWTL', '10:50-11:40'),
(1836, 'THU', 'E-24', 2, 'ACD', '11:40-12:30'),
(1837, 'THU', 'E-24', 2, 'LCS', '12:30-1:20'),
(1838, 'THU', 'E-24', 2, 'SOFT SKILL', '2:10-3:00'),
(1839, 'THU', 'E-24', 2, 'MEFA', '3:00-3:50'),
(1840, 'THU', 'E-24', 2, 'LIBRARY', '4:00-4:50'),
(1841, 'FRI', 'E-24', 2, 'MEFA', '10:00-10:50'),
(1842, 'FRI', 'E-24', 2, 'LCS', '10:50-11:40'),
(1843, 'FRI', 'E-24', 2, 'ADC', '11:40-12:30'),
(1844, 'FRI', 'E-24', 2, 'EMWTL', '12:30-1:20'),
(1845, 'FRI', 'E-24', 2, 'SOFT SKILL', '2:10-3:00'),
(1846, 'FRI', 'E-24', 2, 'ES', '3:00-3:50'),
(1847, 'FRI', 'E-24', 2, 'COU', '4:00-4:50'),
(1848, 'SAT', 'E-24', 2, 'ACD', '10:00-10:50'),
(1849, 'SAT', 'E-24', 2, 'ADC LAB/ACD LAB', '10:50-11:40'),
(1850, 'SAT', 'E-24', 2, 'ADC LAB/ACD LAB', '11:40-12:30'),
(1851, 'SAT', 'E-24', 2, 'ADC LAB/ACD LAB', '12:30-1:20'),
(1852, 'SAT', 'E-24', 2, 'EMWTL', '2:10-3:00'),
(1853, 'SAT', 'E-24', 2, 'LCS', '3:00-3:50'),
(1854, 'SAT', 'E-24', 2, 'SPORTS', '4:00-4:50'),
(1855, 'MON', 'EF-02', 2, 'P&CV', '10:00-10:50'),
(1856, 'MON', 'EF-02', 2, 'DMM', '10:50-11:40'),
(1857, 'MON', 'EF-02', 2, 'FM&HM', '11:40-12:30'),
(1858, 'MON', 'EF-02', 2, 'MP', '12:30-1:20'),
(1859, 'MON', 'EF-02', 2, 'FMHM LAB1/MPLAB2', '2:10-3:00'),
(1860, 'MON', 'EF-02', 2, 'FMHM LAB1/MPLAB2', '3:00-3:50'),
(1861, 'MON', 'EF-02', 2, 'FMHM LAB1/MPLAB2', '4:00-4:50'),
(1862, 'TUE', 'EF-02', 2, 'IEM', '10:00-10:50'),
(1863, 'TUE', 'EF-02', 2, 'FM&HM', '10:50-11:40'),
(1864, 'TUE', 'EF-02', 2, 'DMM', '11:40-12:30'),
(1865, 'TUE', 'EF-02', 2, 'MP', '12:30-1:20'),
(1866, 'TUE', 'EF-02', 2, 'MP LAB2/FMHM LAB1', '2:10-3:00'),
(1867, 'TUE', 'EF-02', 2, 'MP LAB2/FMHM LAB1', '3:00-3:50'),
(1868, 'TUE', 'EF-02', 2, 'MP LAB2/FMHM LAB1', '4:00-4:50'),
(1869, 'WED', 'EF-02', 2, 'WEEKLY TEST', '10:00-10:50'),
(1870, 'WED', 'EF-02', 2, 'WEEKLY TEST', '10:50-11:40'),
(1871, 'WED', 'EF-02', 2, 'MP', '11:40-12:30'),
(1872, 'WED', 'EF-02', 2, 'DMM', '12:30-1:20'),
(1873, 'WED', 'EF-02', 2, 'P&CV', '2:10-3:00'),
(1874, 'WED', 'EF-02', 2, 'LIBRARY', '3:00-3:50'),
(1875, 'WED', 'EF-02', 2, 'SPORTS', '4:00-4:50'),
(1876, 'THU', 'EF-02', 2, 'DMM', '10:00-10:50'),
(1877, 'THU', 'EF-02', 2, 'IEM', '10:50-11:40'),
(1878, 'THU', 'EF-02', 2, 'P&CV', '11:40-12:30'),
(1879, 'THU', 'EF-02', 2, 'FM&CV', '12:30-1:20'),
(1880, 'THU', 'EF-02', 2, 'MP', '2:10-3:00'),
(1881, 'THU', 'EF-02', 2, 'DMM', '3:00-3:50'),
(1882, 'THU', 'EF-02', 2, 'COU', '4:00-4:50'),
(1883, 'FRI', 'EF-02', 2, 'FM&HM', '10:00-10:50'),
(1884, 'FRI', 'EF-02', 2, 'FM&HM', '10:50-11:40'),
(1885, 'FRI', 'EF-02', 2, 'IEM', '11:40-12:30'),
(1886, 'FRI', 'EF-02', 2, 'P&CV', '12:30-1:20'),
(1887, 'FRI', 'EF-02', 2, 'MP', '2:10-3:00'),
(1888, 'FRI', 'EF-02', 2, 'IEM', '3:00-3:50'),
(1889, 'FRI', 'EF-02', 2, 'LIBRARY', '4:00-4:50'),
(1890, 'SAT', 'EF-02', 2, 'IEM', '10:00-10:50'),
(1891, 'SAT', 'EF-02', 2, 'P&CV', '10:50-11:40'),
(1892, 'SAT', 'EF-02', 2, 'SS/SS', '11:40-12:30'),
(1893, 'SAT', 'EF-02', 2, 'SS/SS', '12:30-1:20'),
(1894, 'SAT', 'EF-02', 2, 'ES', '2:10-3:00'),
(1895, 'SAT', 'EF-02', 2, 'ES', '3:00-3:50'),
(1896, 'SAT', 'EF-02', 2, 'COU', '4:00-4:50'),
(1897, 'MON', 'F-22', 2, 'FM&HM', '10:00-10:50'),
(1898, 'MON', 'F-22', 2, 'P&CV', '10:50-11:40'),
(1899, 'MON', 'F-22', 2, 'SS/SS', '11:40-12:30'),
(1900, 'MON', 'F-22', 2, 'SS/SS', '12:30-1:20'),
(1901, 'MON', 'F-22', 2, 'IEM', '2:10-3:00'),
(1902, 'MON', 'F-22', 2, 'MP', '3:00-3:50'),
(1903, 'MON', 'F-22', 2, 'SPORTS', '4:00-4:50'),
(1904, 'TUE', 'F-22', 2, 'P&CV', '10:00-10:50'),
(1905, 'TUE', 'F-22', 2, 'FM&HM', '10:50-11:40'),
(1906, 'TUE', 'F-22', 2, 'DMM', '11:40-12:30'),
(1907, 'TUE', 'F-22', 2, 'FM&HM', '12:30-1:20'),
(1908, 'TUE', 'F-22', 2, 'MP', '2:10-3:00'),
(1909, 'TUE', 'F-22', 2, 'P&CV', '3:00-3:50'),
(1910, 'TUE', 'F-22', 2, 'COU', '4:00-4:50'),
(1911, 'WED', 'F-22', 2, 'WEEKLY TEST', '10:00-10:50'),
(1912, 'WED', 'F-22', 2, 'WEEKLY TEST', '10:50-11:40'),
(1913, 'WED', 'F-22', 2, 'MP', '11:40-12:30'),
(1914, 'WED', 'F-22', 2, 'DMM', '12:30-1:20'),
(1915, 'WED', 'F-22', 2, 'FMHM LAB1/MP LAB2', '2:10-3:00'),
(1916, 'WED', 'F-22', 2, 'FMHM LAB1/MP LAB2', '3:00-3:50'),
(1917, 'WED', 'F-22', 2, 'FMHM LAB1/MP LAB2', '4:00-4:50'),
(1918, 'THU', 'F-22', 2, 'IEM', '10:00-10:50'),
(1919, 'THU', 'F-22', 2, 'P&CV', '10:50-11:40'),
(1920, 'THU', 'F-22', 2, 'ES', '11:40-12:30'),
(1921, 'THU', 'F-22', 2, 'ES', '12:30-1:20'),
(1922, 'THU', 'F-22', 2, 'MP LAB2/FMHM LAB1', '2:10-3:00'),
(1923, 'THU', 'F-22', 2, 'MP LAB2/FMHM LAB1', '3:00-3:50'),
(1924, 'THU', 'F-22', 2, 'MP LAB2/FMHM LAB1', '4:00-4:50'),
(1925, 'FRI', 'F-22', 2, 'DMM', '10:00-10:50'),
(1926, 'FRI', 'F-22', 2, 'DMM', '10:50-11:40'),
(1927, 'FRI', 'F-22', 2, 'P&CV', '11:40-12:30'),
(1928, 'FRI', 'F-22', 2, 'MP', '12:30-1:20'),
(1929, 'FRI', 'F-22', 2, 'IEM', '2:10-3:00'),
(1930, 'FRI', 'F-22', 2, 'IEM', '3:00-3:50'),
(1931, 'FRI', 'F-22', 2, 'LIBRARY', '4:00-4:50'),
(1932, 'SAT', 'F-22', 2, 'MP', '10:00-10:50'),
(1933, 'SAT', 'F-22', 2, 'FM&HM', '10:50-11:40'),
(1934, 'SAT', 'F-22', 2, 'FM&HM', '11:40-12:30'),
(1935, 'SAT', 'F-22', 2, 'DMM', '12:30-1:20'),
(1936, 'SAT', 'F-22', 2, 'IEM', '2:10-3:00'),
(1937, 'SAT', 'F-22', 2, 'LIBRARY', '3:00-3:50'),
(1938, 'SAT', 'F-22', 2, 'COU', '4:00-4:50'),
(1939, 'MON', 'F-23', 2, 'FM&HM', '10:00-10:50'),
(1940, 'MON', 'F-23', 2, 'IEM', '10:50-11:40'),
(1941, 'MON', 'F-23', 2, 'MP', '11:40-12:30'),
(1942, 'MON', 'F-23', 2, 'DMM', '12:30-1:20'),
(1943, 'MON', 'F-23', 2, 'ES', '2:10-3:00'),
(1944, 'MON', 'F-23', 2, '', '3:00-3:50'),
(1945, 'MON', 'F-23', 2, 'LIBRARY', '4:00-4:50'),
(1946, 'TUE', 'F-23', 2, 'FM&HM', '10:00-10:50'),
(1947, 'TUE', 'F-23', 2, 'P&CV', '10:50-11:40'),
(1948, 'TUE', 'F-23', 2, 'DMM', '11:40-12:30'),
(1949, 'TUE', 'F-23', 2, 'IEM', '12:30-1:20'),
(1950, 'TUE', 'F-23', 2, 'P&CV', '2:10-3:00'),
(1951, 'TUE', 'F-23', 2, 'LIBRARY', '3:00-3:50'),
(1952, 'TUE', 'F-23', 2, 'COU', '4:00-4:50'),
(1953, 'WED', 'F-23', 2, 'WEEKLY TEST', '10:00-10:50'),
(1954, 'WED', 'F-23', 2, 'WEEKLY TEST', '10:50-11:40'),
(1955, 'WED', 'F-23', 2, 'FM&HM', '11:40-12:30'),
(1956, 'WED', 'F-23', 2, 'IEM', '12:30-1:20'),
(1957, 'WED', 'F-23', 2, 'MP', '2:10-3:00'),
(1958, 'WED', 'F-23', 2, '', '3:00-3:50'),
(1959, 'WED', 'F-23', 2, 'SPORTS', '4:00-4:50'),
(1960, 'THU', 'F-23', 2, 'P&CV', '10:00-10:50'),
(1961, 'THU', 'F-23', 2, 'IEM', '10:50-11:40'),
(1962, 'THU', 'F-23', 2, 'SS/SS', '11:40-12:30'),
(1963, 'THU', 'F-23', 2, 'SS/SS', '12:30-1:20'),
(1964, 'THU', 'F-23', 2, 'FM&HM', '2:10-3:00'),
(1965, 'THU', 'F-23', 2, '', '3:00-3:50'),
(1966, 'THU', 'F-23', 2, 'COU', '4:00-4:50'),
(1967, 'FRI', 'F-23', 2, 'DMM', '10:00-10:50'),
(1968, 'FRI', 'F-23', 2, 'P&CV', '10:50-11:40'),
(1969, 'FRI', 'F-23', 2, 'MP', '11:40-12:30'),
(1970, 'FRI', 'F-23', 2, 'DMM', '12:30-1:20'),
(1971, 'FRI', 'F-23', 2, 'FMHM LAB1/MP LAB2', '2:10-3:00'),
(1972, 'FRI', 'F-23', 2, 'FMHM LAB1/MP LAB2', '3:00-3:50'),
(1973, 'FRI', 'F-23', 2, 'FMHM LAB1/MP LAB2', '4:00-4:50'),
(1974, 'SAT', 'F-23', 2, 'DMM', '10:00-10:50'),
(1975, 'SAT', 'F-23', 2, 'IEM', '10:50-11:40'),
(1976, 'SAT', 'F-23', 2, 'FM&HM', '11:40-12:30'),
(1977, 'SAT', 'F-23', 2, 'MP', '12:30-1:20'),
(1978, 'SAT', 'F-23', 2, 'MP LAB2/FMHM LAB1', '2:10-3:00'),
(1979, 'SAT', 'F-23', 2, 'MP LAB2/FMHM LAB1', '3:00-3:50'),
(1980, 'SAT', 'F-23', 2, 'MP LAB2/FMHM LAB1', '4:00-4:50'),
(1981, 'MON', 'E-31', 2, 'ES', '10:00-10:50'),
(1982, 'MON', 'E-31', 2, 'BMCT', '10:50-11:40'),
(1983, 'MON', 'E-31', 2, 'MEFA', '11:40-12:30'),
(1984, 'MON', 'E-31', 2, 'MEFA', '12:30-1:20'),
(1985, 'MON', 'E-31', 2, 'HHM', '2:10-3:00'),
(1986, 'MON', 'E-31', 2, 'HHM', '3:00-3:50'),
(1987, 'MON', 'E-31', 2, 'LIBRARY', '4:00-4:50'),
(1988, 'MON', 'E-31', 2, 'ES', '10:00-10:50'),
(1989, 'MON', 'E-31', 2, 'BMCT', '10:50-11:40'),
(1990, 'MON', 'E-31', 2, 'MEFA', '11:40-12:30'),
(1991, 'MON', 'E-31', 2, 'MEFA', '12:30-1:20'),
(1992, 'MON', 'E-31', 2, 'HHM', '2:10-3:00'),
(1993, 'MON', 'E-31', 2, 'HHM', '3:00-3:50'),
(1994, 'MON', 'E-31', 2, 'LIBRARY', '4:00-4:50'),
(1995, 'TUE', 'E-31', 2, 'CT LAB/EG LAB', '10:00-10:50'),
(1996, 'TUE', 'E-31', 2, 'CT LAB/EG LAB', '10:50-11:40'),
(1997, 'TUE', 'E-31', 2, 'CT LAB/EG LAB', '11:40-12:30'),
(1998, 'TUE', 'E-31', 2, 'EG', '12:30-1:20'),
(1999, 'TUE', 'E-31', 2, 'SA', '2:10-3:00'),
(2000, 'TUE', 'E-31', 2, 'SA', '3:00-3:50'),
(2001, 'TUE', 'E-31', 2, 'COU', '4:00-4:50'),
(2002, 'WED', 'E-31', 2, 'WEEKLY TEST', '10:00-10:50'),
(2003, 'WED', 'E-31', 2, 'WEEKLY TEST', '10:50-11:40'),
(2004, 'WED', 'E-31', 2, 'AP&R', '11:40-12:30'),
(2005, 'WED', 'E-31', 2, 'SA', '12:30-1:20'),
(2006, 'WED', 'E-31', 2, 'HMM', '2:10-3:00'),
(2007, 'WED', 'E-31', 2, 'HHM', '3:00-3:50'),
(2008, 'WED', 'E-31', 2, 'SPORT', '4:00-4:50'),
(2009, 'THU', 'E-31', 2, 'RS&GIS LAB/RS &GIS LAB', '10:00-10:50'),
(2010, 'THU', 'E-31', 2, 'RS&GIS LAB/RS &GIS LAB', '10:50-11:40'),
(2011, 'THU', 'E-31', 2, 'RS&GIS LAB/RS &GIS LAB', '11:40-12:30'),
(2012, 'THU', 'E-31', 2, 'EG', '12:30-1:20'),
(2013, 'THU', 'E-31', 2, 'BMCT', '2:10-3:00'),
(2014, 'THU', 'E-31', 2, 'MEFA', '3:00-3:50'),
(2015, 'THU', 'E-31', 2, 'MEFA', '4:00-4:50'),
(2016, 'FRI', 'E-31', 2, 'ES', '10:00-10:50'),
(2017, 'FRI', 'E-31', 2, 'SA', '10:50-11:40'),
(2018, 'FRI', 'E-31', 2, 'SA', '11:40-12:30'),
(2019, 'FRI', 'E-31', 2, 'MEFA', '12:30-1:20'),
(2020, 'FRI', 'E-31', 2, 'BMCT', '2:10-3:00'),
(2021, 'FRI', 'E-31', 2, 'EG', '3:00-3:50'),
(2022, 'FRI', 'E-31', 2, 'EG', '4:00-4:50'),
(2023, 'SAT', 'E-31', 2, 'EG LAB/CT LAB', '10:00-10:50'),
(2024, 'SAT', 'E-31', 2, 'EG LAB/CT LAB', '10:50-11:40'),
(2025, 'SAT', 'E-31', 2, 'EG LAB/CT LAB', '11:40-12:30'),
(2026, 'SAT', 'E-31', 2, 'HHM', '12:30-1:20'),
(2027, 'SAT', 'E-31', 2, 'BMCT', '2:10-3:00'),
(2028, 'SAT', 'E-31', 2, 'GATE', '3:00-3:50'),
(2029, 'SAT', 'E-31', 2, 'GATE', '4:00-4:50'),
(2030, 'MON', 'E-32', 2, 'CT LAB/EG LAB', '10:00-10:50'),
(2031, 'MON', 'E-32', 2, 'CT LAB/EG LAB', '10:50-11:40'),
(2032, 'MON', 'E-32', 2, 'CT LAB/EG LAB', '11:40-12:30'),
(2033, 'MON', 'E-32', 2, 'SA', '12:30-1:20'),
(2034, 'MON', 'E-32', 2, 'MEFA', '2:10-3:00'),
(2035, 'MON', 'E-32', 2, 'MEFA', '3:00-3:50'),
(2036, 'MON', 'E-32', 2, 'BMCT', '4:00-4:50'),
(2037, 'MON', 'E-32', 2, 'CT LAB/EG LAB', '10:00-10:50'),
(2038, 'MON', 'E-32', 2, 'CT LAB/EG LAB', '10:50-11:40'),
(2039, 'MON', 'E-32', 2, 'CT LAB/EG LAB', '11:40-12:30'),
(2040, 'MON', 'E-32', 2, 'SA', '12:30-1:20'),
(2041, 'MON', 'E-32', 2, 'MEFA', '2:10-3:00'),
(2042, 'MON', 'E-32', 2, 'MEFA', '3:00-3:50'),
(2043, 'MON', 'E-32', 2, 'BMCT', '4:00-4:50'),
(2044, 'TUE', 'E-32', 2, 'RS&GIS LAB/RS&GIS LAB', '10:00-10:50'),
(2045, 'TUE', 'E-32', 2, 'RS&GIS LAB/RS&GIS LAB', '10:50-11:40'),
(2046, 'TUE', 'E-32', 2, 'RS&GIS LAB/RS&GIS LAB', '11:40-12:30'),
(2047, 'TUE', 'E-32', 2, 'BMCT', '12:30-1:20'),
(2048, 'TUE', 'E-32', 2, 'EG', '2:10-3:00'),
(2049, 'TUE', 'E-32', 2, 'HHM', '3:00-3:50'),
(2050, 'TUE', 'E-32', 2, 'HHM', '4:00-4:50'),
(2051, 'WED', 'E-32', 2, 'WEEKLY TEST', '10:00-10:50'),
(2052, 'WED', 'E-32', 2, 'WEEKLY TEST', '10:50-11:40'),
(2053, 'WED', 'E-32', 2, 'EG', '11:40-12:30'),
(2054, 'WED', 'E-32', 2, 'EG', '12:30-1:20'),
(2055, 'WED', 'E-32', 2, 'MEFA', '2:10-3:00'),
(2056, 'WED', 'E-32', 2, 'MEFA', '3:00-3:50'),
(2057, 'WED', 'E-32', 2, 'SPORT', '4:00-4:50'),
(2058, 'THU', 'E-32', 2, 'ES', '10:00-10:50'),
(2059, 'THU', 'E-32', 2, 'HHM', '10:50-11:40'),
(2060, 'THU', 'E-32', 2, 'HHM', '11:40-12:30'),
(2061, 'THU', 'E-32', 2, 'BMCT', '12:30-1:20'),
(2062, 'THU', 'E-32', 2, 'SA', '2:10-3:00'),
(2063, 'THU', 'E-32', 2, 'SA', '3:00-3:50'),
(2064, 'THU', 'E-32', 2, 'LIBRARY', '4:00-4:50'),
(2065, 'FRI', 'E-32', 2, 'EG LABCT LAB', '10:00-10:50'),
(2066, 'FRI', 'E-32', 2, 'EG LABCT LAB', '10:50-11:40'),
(2067, 'FRI', 'E-32', 2, 'EG LABCT LAB', '11:40-12:30'),
(2068, 'FRI', 'E-32', 2, 'MEFA', '12:30-1:20'),
(2069, 'FRI', 'E-32', 2, 'HHM', '2:10-3:00'),
(2070, 'FRI', 'E-32', 2, 'AP&R', '3:00-3:50'),
(2071, 'FRI', 'E-32', 2, 'COU', '4:00-4:50'),
(2072, 'SAT', 'E-32', 2, 'ES', '10:00-10:50'),
(2073, 'SAT', 'E-32', 2, 'SA', '10:50-11:40'),
(2074, 'SAT', 'E-32', 2, 'SA', '11:40-12:30'),
(2075, 'SAT', 'E-32', 2, 'BMCT', '12:30-1:20'),
(2076, 'SAT', 'E-32', 2, 'EG', '2:10-3:00'),
(2077, 'SAT', 'E-32', 2, 'GATE', '3:00-3:50'),
(2078, 'SAT', 'E-32', 2, 'GATE', '4:00-4:50'),
(2086, 'MON', 'B-22', 2, 'MEFA', '10:00-10:50'),
(2087, 'MON', 'B-22', 2, 'AC', '10:50-11:40'),
(2088, 'MON', 'B-22', 2, 'CS', '11:40-12:30'),
(2089, 'MON', 'B-22', 2, 'I&SM', '12:30-1:20'),
(2090, 'MON', 'B-22', 2, 'I&SM LAB/CS LAB', '2:10-3:00'),
(2091, 'MON', 'B-22', 2, 'I&SM LAB/CS LAB', '3:00-3:50'),
(2092, 'MON', 'B-22', 2, 'I&SM LAB/CS LAB', '4:00-4:50'),
(2093, 'TUE', 'B-22', 2, 'I&SM', '10:00-10:50'),
(2094, 'TUE', 'B-22', 2, 'PYTHON LAB', '10:50-11:40'),
(2095, 'TUE', 'B-22', 2, 'PYTHON LAB', '11:40-12:30'),
(2096, 'TUE', 'B-22', 2, 'PYTHON LAB', '12:30-1:20'),
(2097, 'TUE', 'B-22', 2, 'MEFA', '2:10-3:00'),
(2098, 'TUE', 'B-22', 2, 'PS-I', '3:00-3:50'),
(2099, 'TUE', 'B-22', 2, 'LIBRARY', '4:00-4:50'),
(2100, 'WED', 'B-22', 2, 'AC', '10:00-10:50'),
(2101, 'WED', 'B-22', 2, 'CS', '10:50-11:40'),
(2102, 'WED', 'B-22', 2, 'CS', '11:40-12:30'),
(2103, 'WED', 'B-22', 2, 'PS-1', '12:30-1:20'),
(2104, 'WED', 'B-22', 2, 'PS-1', '2:10-3:00'),
(2105, 'WED', 'B-22', 2, 'WEEKLY TEST', '3:00-3:50'),
(2106, 'WED', 'B-22', 2, 'WEEKLY TEST', '4:00-4:50'),
(2107, 'THU', 'B-22', 2, 'ES', '10:00-10:50'),
(2108, 'THU', 'B-22', 2, 'MEFA', '10:50-11:40'),
(2109, 'THU', 'B-22', 2, 'I&SM', '11:40-12:30'),
(2110, 'THU', 'B-22', 2, 'AC', '12:30-1:20'),
(2111, 'THU', 'B-22', 2, 'CS LAB/I&SM LAB', '2:10-3:00'),
(2112, 'THU', 'B-22', 2, 'CS LAB/I&SM LAB', '3:00-3:50'),
(2113, 'THU', 'B-22', 2, 'CS LAB/I&SM LAB', '4:00-4:50'),
(2114, 'FRI', 'B-22', 2, 'I&SM', '10:00-10:50'),
(2115, 'FRI', 'B-22', 2, 'I&SM', '10:50-11:40'),
(2116, 'FRI', 'B-22', 2, 'AC', '11:40-12:30'),
(2117, 'FRI', 'B-22', 2, 'CS', '12:30-1:20'),
(2118, 'FRI', 'B-22', 2, 'PS-I', '2:10-3:00'),
(2119, 'FRI', 'B-22', 2, 'MEFA', '3:00-3:50'),
(2120, 'FRI', 'B-22', 2, 'COU', '4:00-4:50'),
(2121, 'SAT', 'B-22', 2, 'PS-I', '10:00-10:50'),
(2122, 'SAT', 'B-22', 2, 'ES', '10:50-11:40'),
(2123, 'SAT', 'B-22', 2, 'CS', '11:40-12:30'),
(2124, 'SAT', 'B-22', 2, 'I&SM', '12:30-1:20'),
(2125, 'SAT', 'B-22', 2, 'MEFA', '2:10-3:00'),
(2126, 'SAT', 'B-22', 2, 'AC', '3:00-3:50'),
(2127, 'SAT', 'B-22', 2, 'SPORTS', '4:00-4:50'),
(2128, 'MON', 'B-23', 2, 'PS-I', '10:00-10:50'),
(2129, 'MON', 'B-23', 2, 'AC', '10:50-11:40'),
(2130, 'MON', 'B-23', 2, 'I&SM', '11:40-12:30'),
(2131, 'MON', 'B-23', 2, 'CS', '12:30-1:20'),
(2132, 'MON', 'B-23', 2, 'MEFA', '2:10-3:00'),
(2133, 'MON', 'B-23', 2, 'PS-I', '3:00-3:50'),
(2134, 'MON', 'B-23', 2, 'LIBRARY', '4:00-4:50'),
(2135, 'MON', 'B-23', 2, 'PS-I', '10:00-10:50'),
(2136, 'MON', 'B-23', 2, 'AC', '10:50-11:40'),
(2137, 'MON', 'B-23', 2, 'I&SM', '11:40-12:30'),
(2138, 'MON', 'B-23', 2, 'CS', '12:30-1:20'),
(2139, 'MON', 'B-23', 2, 'MEFA', '2:10-3:00'),
(2140, 'MON', 'B-23', 2, 'PS-I', '3:00-3:50'),
(2141, 'MON', 'B-23', 2, 'LIBRARY', '4:00-4:50'),
(2142, 'TUE', 'B-23', 2, 'MEFA', '10:00-10:50'),
(2143, 'TUE', 'B-23', 2, 'CS', '10:50-11:40'),
(2144, 'TUE', 'B-23', 2, 'AC', '11:40-12:30'),
(2145, 'TUE', 'B-23', 2, 'I&SM', '12:30-1:20'),
(2146, 'TUE', 'B-23', 2, 'I&SM LAB /CS LAB', '2:10-3:00'),
(2147, 'TUE', 'B-23', 2, 'I&SM LAB /CS LAB', '3:00-3:50'),
(2148, 'TUE', 'B-23', 2, 'I&SM LAB /CS LAB', '4:00-4:50'),
(2149, 'WED', 'B-23', 2, 'I&SM', '10:00-10:50'),
(2150, 'WED', 'B-23', 2, 'PS-I', '10:50-11:40'),
(2151, 'WED', 'B-23', 2, 'MEFA', '11:40-12:30'),
(2152, 'WED', 'B-23', 2, 'CS', '12:30-1:20'),
(2153, 'WED', 'B-23', 2, 'AC', '2:10-3:00'),
(2154, 'WED', 'B-23', 2, 'WEEKLY TEST', '3:00-3:50'),
(2155, 'WED', 'B-23', 2, 'WEEKLY TEST', '4:00-4:50'),
(2156, 'THU', 'B-23', 2, 'AC', '10:00-10:50'),
(2157, 'THU', 'B-23', 2, 'PYTHON LAB', '10:50-11:40'),
(2158, 'THU', 'B-23', 2, 'PYTHON LAB', '11:40-12:30'),
(2159, 'THU', 'B-23', 2, 'PYTHON LAB', '12:30-1:20'),
(2160, 'THU', 'B-23', 2, 'MEFA', '2:10-3:00'),
(2161, 'THU', 'B-23', 2, 'PS-I', '3:00-3:50'),
(2162, 'THU', 'B-23', 2, 'COU', '4:00-4:50'),
(2163, 'FRI', 'B-23', 2, 'CS', '10:00-10:50'),
(2164, 'FRI', 'B-23', 2, 'I&SM', '10:50-11:40'),
(2165, 'FRI', 'B-23', 2, 'PS-I', '11:40-12:30'),
(2166, 'FRI', 'B-23', 2, 'ES', '12:30-1:20'),
(2167, 'FRI', 'B-23', 2, 'CS LAB/I&SM LAB', '2:10-3:00'),
(2168, 'FRI', 'B-23', 2, 'CS LAB/I&SM LAB', '3:00-3:50'),
(2169, 'FRI', 'B-23', 2, 'CS LAB/I&SM LAB', '4:00-4:50'),
(2170, 'SAT', 'B-23', 2, 'ES', '10:00-10:50'),
(2171, 'SAT', 'B-23', 2, 'I&SM', '10:50-11:40'),
(2172, 'SAT', 'B-23', 2, 'MEFA', '11:40-12:30'),
(2173, 'SAT', 'B-23', 2, 'CS', '12:30-1:20'),
(2174, 'SAT', 'B-23', 2, 'I&SM', '2:10-3:00'),
(2175, 'SAT', 'B-23', 2, 'AC', '3:00-3:50'),
(2176, 'SAT', 'B-23', 2, 'SPORTS', '4:00-4:50'),
(2177, 'MON', 'A-42', 2, 'P&S', '10:00-10:50'),
(2178, 'MON', 'A-42', 2, 'ML LAB', '10:50-11:40'),
(2179, 'MON', 'A-42', 2, 'ML LAB', '11:40-12:30'),
(2180, 'MON', 'A-42', 2, 'ML LAB', '12:30-1:20'),
(2181, 'MON', 'A-42', 2, 'PAI', '2:10-3:00'),
(2182, 'MON', 'A-42', 2, 'DBMS', '3:00-3:50'),
(2183, 'MON', 'A-42', 2, 'MEFA', '4:00-4:50'),
(2184, 'TUE', 'A-42', 2, 'ML', '10:00-10:50'),
(2185, 'TUE', 'A-42', 2, 'DBMS LAB', '10:50-11:40'),
(2186, 'TUE', 'A-42', 2, 'DBMS LAB', '11:40-12:30'),
(2187, 'TUE', 'A-42', 2, 'DBMS LAB', '12:30-1:20'),
(2188, 'TUE', 'A-42', 2, 'P&S', '2:10-3:00'),
(2189, 'TUE', 'A-42', 2, 'PAI', '3:00-3:50'),
(2190, 'TUE', 'A-42', 2, 'MEFA', '4:00-4:50'),
(2191, 'WED', 'A-42', 2, 'WEEKLY TEST', '10:00-10:50'),
(2192, 'WED', 'A-42', 2, 'WEEKLY TEST', '10:50-11:40'),
(2193, 'WED', 'A-42', 2, 'P&S', '11:40-12:30'),
(2194, 'WED', 'A-42', 2, 'DBMS', '12:30-1:20'),
(2195, 'WED', 'A-42', 2, 'PAI', '2:10-3:00'),
(2196, 'WED', 'A-42', 2, 'ML', '3:00-3:50'),
(2197, 'WED', 'A-42', 2, 'LIB/VS', '4:00-4:50'),
(2198, 'THU', 'A-42', 2, 'DBMS', '10:00-10:50'),
(2199, 'THU', 'A-42', 2, 'FSD SKILL', '10:50-11:40'),
(2200, 'THU', 'A-42', 2, 'FSD SKILL', '11:40-12:30'),
(2201, 'THU', 'A-42', 2, 'FSD SKILL', '12:30-1:20'),
(2202, 'THU', 'A-42', 2, 'MEFA', '2:10-3:00'),
(2203, 'THU', 'A-42', 2, 'ML', '3:00-3:50'),
(2204, 'THU', 'A-42', 2, 'P&S', '4:00-4:50'),
(2205, 'FRI', 'A-42', 2, 'PAI', '10:00-10:50'),
(2206, 'FRI', 'A-42', 2, 'DT&I', '10:50-11:40'),
(2207, 'FRI', 'A-42', 2, 'DT&I', '11:40-12:30'),
(2208, 'FRI', 'A-42', 2, 'DT&I', '12:30-1:20'),
(2209, 'FRI', 'A-42', 2, 'DBMS', '2:10-3:00'),
(2210, 'FRI', 'A-42', 2, 'MEFA', '3:00-3:50'),
(2211, 'FRI', 'A-42', 2, 'ML', '4:00-4:50'),
(2212, 'SAT', 'A-42', 2, 'ML', '10:00-10:50'),
(2213, 'SAT', 'A-42', 2, 'P&S', '10:50-11:40'),
(2214, 'SAT', 'A-42', 2, 'PAI', '11:40-12:30'),
(2215, 'SAT', 'A-42', 2, 'DBMS', '12:30-1:20'),
(2216, 'SAT', 'A-42', 2, 'MEFA', '2:10-3:00'),
(2217, 'SAT', 'A-42', 2, 'ML', '3:00-3:50'),
(2218, 'SAT', 'A-42', 2, 'SPORTS/IA', '4:00-4:50'),
(2219, 'MON', 'A-43', 2, 'DBMS', '10:00-10:50'),
(2220, 'MON', 'A-43', 2, 'MEFA', '10:50-11:40'),
(2221, 'MON', 'A-43', 2, 'PAI', '11:40-12:30'),
(2222, 'MON', 'A-43', 2, 'DBMS', '12:30-1:20'),
(2223, 'MON', 'A-43', 2, 'ML', '2:10-3:00'),
(2224, 'MON', 'A-43', 2, 'P&S', '3:00-3:50'),
(2225, 'MON', 'A-43', 2, 'LIBVS', '4:00-4:50'),
(2226, 'MON', 'A-43', 2, 'DBMS', '10:00-10:50'),
(2227, 'MON', 'A-43', 2, 'MEFA', '10:50-11:40'),
(2228, 'MON', 'A-43', 2, 'PAI', '11:40-12:30'),
(2229, 'MON', 'A-43', 2, 'DBMS', '12:30-1:20'),
(2230, 'MON', 'A-43', 2, 'ML', '2:10-3:00'),
(2231, 'MON', 'A-43', 2, 'P&S', '3:00-3:50'),
(2232, 'MON', 'A-43', 2, 'LIB/VS', '4:00-4:50'),
(2233, 'MON', 'A-43', 2, 'DBMS', '10:00-10:50'),
(2234, 'MON', 'A-43', 2, 'MEFA', '10:50-11:40'),
(2235, 'MON', 'A-43', 2, 'PAI', '11:40-12:30'),
(2236, 'MON', 'A-43', 2, 'DBMS', '12:30-1:20'),
(2237, 'MON', 'A-43', 2, 'ML', '2:10-3:00'),
(2238, 'MON', 'A-43', 2, 'P&S', '3:00-3:50'),
(2239, 'MON', 'A-43', 2, 'LIB/VS', '4:00-4:50'),
(2240, 'TUE', 'A-43', 2, 'P&S', '10:00-10:50'),
(2241, 'TUE', 'A-43', 2, 'MEFA', '10:50-11:40'),
(2242, 'TUE', 'A-43', 2, 'DBMS', '11:40-12:30'),
(2243, 'TUE', 'A-43', 2, 'PAI', '12:30-1:20'),
(2244, 'TUE', 'A-43', 2, 'ML LAB', '2:10-3:00'),
(2245, 'TUE', 'A-43', 2, 'ML LAB', '3:00-3:50'),
(2246, 'TUE', 'A-43', 2, 'ML LAB', '4:00-4:50'),
(2247, 'WED', 'A-43', 2, 'WEEKLY TEST', '10:00-10:50'),
(2248, 'WED', 'A-43', 2, 'WEEKLY TEST', '10:50-11:40'),
(2249, 'WED', 'A-43', 2, 'DBMS', '11:40-12:30'),
(2250, 'WED', 'A-43', 2, 'PAI', '12:30-1:20'),
(2251, 'WED', 'A-43', 2, 'ML', '2:10-3:00'),
(2252, 'WED', 'A-43', 2, 'P&S', '3:00-3:50'),
(2253, 'WED', 'A-43', 2, 'SPORTS/IA', '4:00-4:50'),
(2254, 'THU', 'A-43', 2, 'MEFA', '10:00-10:50'),
(2255, 'THU', 'A-43', 2, 'DT &I', '10:50-11:40'),
(2256, 'THU', 'A-43', 2, 'DT&I', '11:40-12:30'),
(2257, 'THU', 'A-43', 2, 'DT&I', '12:30-1:20'),
(2258, 'THU', 'A-43', 2, 'DBMS LAB', '2:10-3:00'),
(2259, 'THU', 'A-43', 2, 'DBMS LAB', '3:00-3:50'),
(2260, 'THU', 'A-43', 2, 'DBMS LAB', '4:00-4:50'),
(2261, 'FRI', 'A-43', 2, 'ML', '10:00-10:50'),
(2262, 'FRI', 'A-43', 2, 'FSD SKILL', '10:50-11:40'),
(2263, 'FRI', 'A-43', 2, 'FSD SKILL', '11:40-12:30'),
(2264, 'FRI', 'A-43', 2, 'FSD SKILL', '12:30-1:20'),
(2265, 'FRI', 'A-43', 2, 'P&S', '2:10-3:00'),
(2266, 'FRI', 'A-43', 2, 'PAI', '3:00-3:50'),
(2267, 'FRI', 'A-43', 2, 'MEFA', '4:00-4:50'),
(2268, 'SAT', 'A-43', 2, 'PAI', '10:00-10:50'),
(2269, 'SAT', 'A-43', 2, 'ML', '10:50-11:40'),
(2270, 'SAT', 'A-43', 2, 'MEFA', '11:40-12:30'),
(2271, 'SAT', 'A-43', 2, 'DBMS', '12:30-1:20'),
(2272, 'SAT', 'A-43', 2, 'ML', '2:10-3:00'),
(2273, 'SAT', 'A-43', 2, 'P&S', '3:00-3:50'),
(2274, 'SAT', 'A-43', 2, 'COU', '4:00-4:50'),
(2275, 'MON', 'D-41', 2, 'NT&A', '10:00-10:50'),
(2276, 'MON', 'D-41', 2, 'DBMS LAB', '10:50-11:40'),
(2277, 'MON', 'D-41', 2, 'DBMS LAB', '11:40-12:30'),
(2278, 'MON', 'D-41', 2, 'DBMS LAB', '12:30-1:20'),
(2279, 'MON', 'D-41', 2, 'MEFA', '2:10-3:00'),
(2280, 'MON', 'D-41', 2, 'DT&I', '3:00-3:50'),
(2281, 'MON', 'D-41', 2, 'DT&I', '4:00-4:50'),
(2282, 'TUE', 'D-41', 2, 'DBMS', '10:00-10:50'),
(2283, 'TUE', 'D-41', 2, 'CN', '10:50-11:40'),
(2284, 'TUE', 'D-41', 2, 'NT&A', '11:40-12:30'),
(2285, 'TUE', 'D-41', 2, 'OS', '12:30-1:20'),
(2286, 'TUE', 'D-41', 2, '', '2:10-3:00'),
(2287, 'TUE', 'D-41', 2, 'DBMS', '3:00-3:50'),
(2288, 'TUE', 'D-41', 2, 'SPORTS/IA', '4:00-4:50'),
(2289, 'WED', 'D-41', 2, 'WEEKLY TEST', '10:00-10:50'),
(2290, 'WED', 'D-41', 2, 'WEEKLY TEST', '10:50-11:40'),
(2291, 'WED', 'D-41', 2, 'MEFA', '11:40-12:30'),
(2292, 'WED', 'D-41', 2, 'DBMS', '12:30-1:20'),
(2293, 'WED', 'D-41', 2, 'CN', '2:10-3:00'),
(2294, 'WED', 'D-41', 2, 'OS', '3:00-3:50'),
(2295, 'WED', 'D-41', 2, 'OS', '4:00-4:50'),
(2296, 'THU', 'D-41', 2, 'MEFA', '10:00-10:50'),
(2297, 'THU', 'D-41', 2, 'DT &I', '10:50-11:40'),
(2298, 'THU', 'D-41', 2, 'NT&A', '11:40-12:30'),
(2299, 'THU', 'D-41', 2, 'CN', '12:30-1:20'),
(2300, 'THU', 'D-41', 2, 'CN  LAB', '2:10-3:00'),
(2301, 'THU', 'D-41', 2, 'CN LAB', '3:00-3:50'),
(2302, 'THU', 'D-41', 2, 'CN LAB', '4:00-4:50'),
(2303, 'FRI', 'D-41', 2, 'CN', '10:00-10:50'),
(2304, 'FRI', 'D-41', 2, 'DBMS', '10:50-11:40'),
(2305, 'FRI', 'D-41', 2, 'OS', '11:40-12:30'),
(2306, 'FRI', 'D-41', 2, 'NT&A', '12:30-1:20'),
(2307, 'FRI', 'D-41', 2, 'PP LAB', '2:10-3:00'),
(2308, 'FRI', 'D-41', 2, 'PP LAB', '3:00-3:50'),
(2309, 'FRI', 'D-41', 2, 'PP LAB', '4:00-4:50'),
(2310, 'SAT', 'D-41', 2, 'OS', '10:00-10:50'),
(2311, 'SAT', 'D-41', 2, 'DBMS', '10:50-11:40'),
(2312, 'SAT', 'D-41', 2, 'NT&A', '11:40-12:30'),
(2313, 'SAT', 'D-41', 2, 'CN', '12:30-1:20'),
(2314, 'SAT', 'D-41', 2, 'MEFA', '2:10-3:00'),
(2315, 'SAT', 'D-41', 2, 'COU', '3:00-3:50'),
(2316, 'SAT', 'D-41', 2, 'LIB/VS', '4:00-4:50'),
(2317, 'MON', 'D-42', 2, 'DBMS', '10:00-10:50'),
(2318, 'MON', 'D-42', 2, 'MEFA', '10:50-11:40'),
(2319, 'MON', 'D-42', 2, 'CN', '11:40-12:30'),
(2320, 'MON', 'D-42', 2, 'NT&A', '12:30-1:20'),
(2321, 'MON', 'D-42', 2, 'OS', '2:10-3:00'),
(2322, 'MON', 'D-42', 2, 'CN', '3:00-3:50'),
(2323, 'MON', 'D-42', 2, 'SPORTS/IA', '4:00-4:50'),
(2324, 'MON', 'D-42', 2, 'DBMS', '10:00-10:50'),
(2325, 'MON', 'D-42', 2, 'MEFA', '10:50-11:40'),
(2326, 'MON', 'D-42', 2, 'CN', '11:40-12:30'),
(2327, 'MON', 'D-42', 2, 'NT&A', '12:30-1:20'),
(2328, 'MON', 'D-42', 2, 'OS', '2:10-3:00'),
(2329, 'MON', 'D-42', 2, 'CN', '3:00-3:50'),
(2330, 'MON', 'D-42', 2, 'SPORTS/IA', '4:00-4:50'),
(2331, 'TUE', 'D-42', 2, 'NT&A', '10:00-10:50'),
(2332, 'TUE', 'D-42', 2, 'OS', '10:50-11:40'),
(2333, 'TUE', 'D-42', 2, 'MEFA', '11:40-12:30'),
(2334, 'TUE', 'D-42', 2, 'CN', '12:30-1:20'),
(2335, 'TUE', 'D-42', 2, '', '2:10-3:00'),
(2336, 'TUE', 'D-42', 2, '', '3:00-3:50'),
(2337, 'TUE', 'D-42', 2, 'DT&I', '4:00-4:50'),
(2338, 'WED', 'D-42', 2, 'WEEKLY TEST', '10:00-10:50'),
(2339, 'WED', 'D-42', 2, 'WEEKLY TEST', '10:50-11:40'),
(2340, 'WED', 'D-42', 2, 'NT&A', '11:40-12:30'),
(2341, 'WED', 'D-42', 2, 'OS', '12:30-1:20'),
(2342, 'WED', 'D-42', 2, 'MEFA', '2:10-3:00'),
(2343, 'WED', 'D-42', 2, 'DBMS', '3:00-3:50'),
(2344, 'WED', 'D-42', 2, 'COU', '4:00-4:50'),
(2345, 'THU', 'D-42', 2, 'DBMS', '10:00-10:50'),
(2346, 'THU', 'D-42', 2, 'DBMS LAB', '10:50-11:40'),
(2347, 'THU', 'D-42', 2, 'DBMS LAB', '11:40-12:30'),
(2348, 'THU', 'D-42', 2, 'DBMS LAB', '12:30-1:20'),
(2349, 'THU', 'D-42', 2, 'MEFA', '2:10-3:00'),
(2350, 'THU', 'D-42', 2, 'OS', '3:00-3:50'),
(2351, 'THU', 'D-42', 2, 'DT&I', '4:00-4:50'),
(2352, 'FRI', 'D-42', 2, 'MEFA', '10:00-10:50'),
(2353, 'FRI', 'D-42', 2, 'NT&A', '10:50-11:40'),
(2354, 'FRI', 'D-42', 2, '', '11:40-12:30'),
(2355, 'FRI', 'D-42', 2, 'CN', '12:30-1:20'),
(2356, 'FRI', 'D-42', 2, 'CN LAB', '2:10-3:00'),
(2357, 'FRI', 'D-42', 2, 'CN LAB', '3:00-3:50'),
(2358, 'FRI', 'D-42', 2, 'CN LAB', '4:00-4:50'),
(2359, 'SAT', 'D-42', 2, 'CN', '10:00-10:50'),
(2360, 'SAT', 'D-42', 2, 'PP LAB', '10:50-11:40'),
(2361, 'SAT', 'D-42', 2, 'PP LAB', '11:40-12:30'),
(2362, 'SAT', 'D-42', 2, 'PP LAB', '12:30-1:20'),
(2363, 'SAT', 'D-42', 2, 'OS', '2:10-3:00'),
(2364, 'SAT', 'D-42', 2, 'NT&AI', '3:00-3:50'),
(2365, 'SAT', 'D-42', 2, 'LIB/VS', '4:00-4:50'),
(2366, 'MON', 'E-43', 2, 'GHRM', '10:00-10:50'),
(2367, 'MON', 'E-43', 2, 'IE', '10:50-11:40'),
(2368, 'MON', 'E-43', 2, 'GM/HRA', '11:40-12:30'),
(2369, 'MON', 'E-43', 2, 'ABM/FA', '12:30-1:20'),
(2370, 'MON', 'E-43', 2, 'EAPE', '2:10-3:00'),
(2371, 'MON', 'E-43', 2, 'LS', '3:00-3:50'),
(2372, 'MON', 'E-43', 2, 'ACT', '4:00-4:50'),
(2373, 'TUE', 'E-43', 2, 'IE', '10:00-10:50'),
(2374, 'TUE', 'E-43', 2, 'LS', '10:50-11:40'),
(2375, 'TUE', 'E-43', 2, 'EAPE', '11:40-12:30'),
(2376, 'TUE', 'E-43', 2, 'ABM/FA', '12:30-1:20'),
(2377, 'TUE', 'E-43', 2, 'GM/HRA', '2:10-3:00'),
(2378, 'TUE', 'E-43', 2, 'LIBRARY', '3:00-3:50'),
(2379, 'TUE', 'E-43', 2, 'MP', '4:00-4:50'),
(2380, 'WED', 'E-43', 2, 'WEEKLYTEST', '10:00-10:50'),
(2381, 'WED', 'E-43', 2, 'WEEKLYTEST', '10:50-11:40'),
(2382, 'WED', 'E-43', 2, 'GHRM', '11:40-12:30'),
(2383, 'WED', 'E-43', 2, 'SCMA', '12:30-1:20'),
(2384, 'WED', 'E-43', 2, 'WINGS', '2:10-3:00'),
(2385, 'WED', 'E-43', 2, 'WINGS', '3:00-3:50'),
(2386, 'WED', 'E-43', 2, 'WINGS', '4:00-4:50'),
(2387, 'THU', 'E-43', 2, 'GM/HRA', '10:00-10:50'),
(2388, 'THU', 'E-43', 2, 'ABM/FA', '10:50-11:40'),
(2389, 'THU', 'E-43', 2, 'IE', '11:40-12:30'),
(2390, 'THU', 'E-43', 2, 'GHRM', '12:30-1:20'),
(2391, 'THU', 'E-43', 2, 'SCMA', '2:10-3:00'),
(2392, 'THU', 'E-43', 2, 'UHV', '3:00-3:50'),
(2393, 'THU', 'E-43', 2, 'LIBRARY', '4:00-4:50'),
(2394, 'FRI', 'E-43', 2, 'SCMA', '10:00-10:50'),
(2395, 'FRI', 'E-43', 2, 'UHV', '10:50-11:40'),
(2396, 'FRI', 'E-43', 2, 'GM/HRA', '11:40-12:30'),
(2397, 'FRI', 'E-43', 2, 'ABM/FA', '12:30-1:20'),
(2398, 'FRI', 'E-43', 2, 'EAPE', '2:10-3:00'),
(2399, 'FRI', 'E-43', 2, 'ADON', '3:00-3:50'),
(2400, 'FRI', 'E-43', 2, 'ADON', '4:00-4:50'),
(2401, 'SAT', 'E-43', 2, 'EAPE', '10:00-10:50'),
(2402, 'SAT', 'E-43', 2, 'SCMA', '10:50-11:40'),
(2403, 'SAT', 'E-43', 2, 'GHRM', '11:40-12:30'),
(2404, 'SAT', 'E-43', 2, 'GHRM', '12:30-1:20'),
(2405, 'SAT', 'E-43', 2, 'MP', '2:10-3:00'),
(2406, 'SAT', 'E-43', 2, 'COU', '3:00-3:50'),
(2407, 'SAT', 'E-43', 2, 'SPORTS', '4:00-4:50'),
(2408, 'MON', 'B-42', 2, 'MEFA', '10:00-10:50'),
(2409, 'MON', 'B-42', 2, 'IDS', '10:50-11:40'),
(2410, 'MON', 'B-42', 2, 'DTI', '11:40-12:30'),
(2411, 'MON', 'B-42', 2, 'DTI', '12:30-1:20'),
(2412, 'MON', 'B-42', 2, 'SMDS', '2:10-3:00'),
(2413, 'MON', 'B-42', 2, 'PAI', '3:00-3:50'),
(2414, 'MON', 'B-42', 2, 'DLCO', '4:00-4:50'),
(2415, 'TUE', 'B-42', 2, 'IDS', '10:00-10:50'),
(2416, 'TUE', 'B-42', 2, 'SMDS', '10:50-11:40'),
(2417, 'TUE', 'B-42', 2, 'DLCO', '11:40-12:30'),
(2418, 'TUE', 'B-42', 2, 'MEFA', '12:30-1:20'),
(2419, 'TUE', 'B-42', 2, 'AI LAB', '2:10-3:00'),
(2420, 'TUE', 'B-42', 2, 'AI LAB', '3:00-3:50'),
(2421, 'TUE', 'B-42', 2, 'AI LAB', '4:00-4:50'),
(2422, 'WED', 'B-42', 2, 'WEEKLYTEST', '10:00-10:50'),
(2423, 'WED', 'B-42', 2, 'WEEKLYTEST', '10:50-11:40'),
(2424, 'WED', 'B-42', 2, 'IDS', '11:40-12:30'),
(2425, 'WED', 'B-42', 2, 'PAI', '12:30-1:20'),
(2426, 'WED', 'B-42', 2, 'SMDS', '2:10-3:00'),
(2427, 'WED', 'B-42', 2, 'IDS', '3:00-3:50'),
(2428, 'WED', 'B-42', 2, 'LCS', '4:00-4:50'),
(2429, 'THU', 'B-42', 2, 'MEFA', '10:00-10:50'),
(2430, 'THU', 'B-42', 2, 'DLCO', '10:50-11:40'),
(2431, 'THU', 'B-42', 2, 'SMDS', '11:40-12:30'),
(2432, 'THU', 'B-42', 2, 'PAI', '12:30-1:20'),
(2433, 'THU', 'B-42', 2, 'DS LAB', '2:10-3:00'),
(2434, 'THU', 'B-42', 2, 'DS LAB', '3:00-3:50'),
(2435, 'THU', 'B-42', 2, 'DS LAB', '4:00-4:50'),
(2436, 'FRI', 'B-42', 2, 'SMDS', '10:00-10:50'),
(2437, 'FRI', 'B-42', 2, 'PAI', '10:50-11:40'),
(2438, 'FRI', 'B-42', 2, 'FSD', '11:40-12:30'),
(2439, 'FRI', 'B-42', 2, 'FSD', '12:30-1:20'),
(2440, 'FRI', 'B-42', 2, 'MEFA', '2:10-3:00'),
(2441, 'FRI', 'B-42', 2, 'DLCO', '3:00-3:50'),
(2442, 'FRI', 'B-42', 2, 'LCS', '4:00-4:50'),
(2443, 'SAT', 'B-42', 2, 'MEFA', '10:00-10:50'),
(2444, 'SAT', 'B-42', 2, 'VS', '10:50-11:40'),
(2445, 'SAT', 'B-42', 2, 'IA', '11:40-12:30'),
(2446, 'SAT', 'B-42', 2, 'PAI', '12:30-1:20'),
(2447, 'SAT', 'B-42', 2, 'DLCO', '2:10-3:00'),
(2448, 'SAT', 'B-42', 2, 'IDS', '3:00-3:50'),
(2449, 'SAT', 'B-42', 2, 'LCS', '4:00-4:50'),
(2457, 'MON', 'A-24', 1, 'CNS', '8:00-8:50');
INSERT INTO `roomschedule` (`schedule_id`, `day`, `room_number`, `shift_id`, `subject`, `slot`) VALUES
(2458, 'MON', 'A-24', 1, 'AI', '8:50-9:40'),
(2459, 'MON', 'A-24', 1, 'GIT&GITHUB LAB(SKILL)', '10:00-10:50'),
(2460, 'MON', 'A-24', 1, 'GIT&GITHUB LAB(SKILL)', '10:50-11:40'),
(2461, 'MON', 'A-24', 1, 'GIT&GITHUB LAB(SKILL)', '11:40-12:30'),
(2462, 'MON', 'A-24', 1, 'MEFA', '1:20-2:10'),
(2463, 'MON', 'A-24', 1, 'LIB', '2:10-3:00'),
(2464, 'TUE', 'A-24', 1, 'UNIX', '8:00-8:50'),
(2465, 'TUE', 'A-24', 1, 'CNS', '8:50-9:40'),
(2466, 'TUE', 'A-24', 1, 'MEFA', '10:00-10:50'),
(2467, 'TUE', 'A-24', 1, 'ML', '10:50-11:40'),
(2468, 'TUE', 'A-24', 1, 'CNS', '11:40-12:30'),
(2469, 'TUE', 'A-24', 1, 'AI', '1:20-2:10'),
(2470, 'TUE', 'A-24', 1, 'COUNS', '2:10-3:00'),
(2471, 'WED', 'A-24', 1, 'WEEKLY TEST REVISION', '8:00-8:50'),
(2472, 'WED', 'A-24', 1, 'WEEKLY TEST REVISION', '8:50-9:40'),
(2473, 'WED', 'A-24', 1, 'WEEKLY TEST', '10:00-10:50'),
(2474, 'WED', 'A-24', 1, 'WEEKLY TEST', '10:50-11:40'),
(2475, 'WED', 'A-24', 1, 'UNIX', '11:40-12:30'),
(2476, 'WED', 'A-24', 1, 'ML', '1:20-2:10'),
(2477, 'WED', 'A-24', 1, 'IA/ VERBAL SKILLS', '2:10-3:00'),
(2478, 'THU', 'A-24', 1, 'ML LAB', '8:00-8:50'),
(2479, 'THU', 'A-24', 1, 'ML LAB', '8:50-9:40'),
(2480, 'THU', 'A-24', 1, 'ML LAB', '10:00-10:50'),
(2481, 'THU', 'A-24', 1, 'MEFA', '10:50-11:40'),
(2482, 'THU', 'A-24', 1, 'CNS', '11:40-12:30'),
(2483, 'THU', 'A-24', 1, 'UNIX', '1:20-2:10'),
(2484, 'THU', 'A-24', 1, 'AI', '2:10-3:00'),
(2485, 'FRI', 'A-24', 1, 'OOAD LAB', '8:00-8:50'),
(2486, 'FRI', 'A-24', 1, 'OOAD LAB', '8:50-9:40'),
(2487, 'FRI', 'A-24', 1, 'OOAD LAB', '10:00-10:50'),
(2488, 'FRI', 'A-24', 1, 'MEFA', '10:50-11:40'),
(2489, 'FRI', 'A-24', 1, 'UNIX', '11:40-12:30'),
(2490, 'FRI', 'A-24', 1, 'AI', '1:20-2:10'),
(2491, 'FRI', 'A-24', 1, 'ML', '2:10-3:00'),
(2492, 'SAT', 'A-24', 1, 'ML', '8:00-8:50'),
(2493, 'SAT', 'A-24', 1, 'UNIX', '8:50-9:40'),
(2494, 'SAT', 'A-24', 1, 'CNS', '10:00-10:50'),
(2495, 'SAT', 'A-24', 1, 'AI', '10:50-11:40'),
(2496, 'SAT', 'A-24', 1, 'ML', '11:40-12:30'),
(2497, 'SAT', 'A-24', 1, 'MEFA', '1:20-2:10'),
(2498, 'SAT', 'A-24', 1, 'SPORTS', '2:10-3:00'),
(2499, 'MON', 'B-33', 2, 'SMDS', '10:00-10:50'),
(2500, 'MON', 'B-33', 2, 'MEFA', '10:50-11:40'),
(2501, 'MON', 'B-33', 2, 'DE', '11:40-12:30'),
(2502, 'MON', 'B-33', 2, 'DLCO', '12:30-1:20'),
(2503, 'MON', 'B-33', 2, 'DE LAB', '2:10-3:00'),
(2504, 'MON', 'B-33', 2, 'DE LAB', '3:00-3:50'),
(2505, 'MON', 'B-33', 2, 'DE LAB', '4:00-4:50'),
(2506, 'MON', 'B-33', 2, 'SMDS', '10:00-10:50'),
(2507, 'MON', 'B-33', 2, 'MEFA', '10:50-11:40'),
(2508, 'MON', 'B-33', 2, 'DE', '11:40-12:30'),
(2509, 'MON', 'B-33', 2, 'DLCO', '12:30-1:20'),
(2510, 'MON', 'B-33', 2, 'DE LAB', '2:10-3:00'),
(2511, 'MON', 'B-33', 2, 'DE LAB', '3:00-3:50'),
(2512, 'MON', 'B-33', 2, 'DE LAB', '4:00-4:50'),
(2513, 'TUE', 'B-33', 2, 'DBMS', '10:00-10:50'),
(2514, 'TUE', 'B-33', 2, 'DT&I', '10:50-11:40'),
(2515, 'TUE', 'B-33', 2, 'DT&I', '11:40-12:30'),
(2516, 'TUE', 'B-33', 2, 'DT&I', '12:30-1:20'),
(2517, 'TUE', 'B-33', 2, 'SMDS', '2:10-3:00'),
(2518, 'TUE', 'B-33', 2, 'DE', '3:00-3:50'),
(2519, 'TUE', 'B-33', 2, 'MEFA', '4:00-4:50'),
(2520, 'WED', 'B-33', 2, 'WEEKLY TEST', '10:00-10:50'),
(2521, 'WED', 'B-33', 2, 'WEEKLY TEST', '10:50-11:40'),
(2522, 'WED', 'B-33', 2, 'DLCO', '11:40-12:30'),
(2523, 'WED', 'B-33', 2, 'DBMS', '12:30-1:20'),
(2524, 'WED', 'B-33', 2, 'EDAP LAB', '2:10-3:00'),
(2525, 'WED', 'B-33', 2, 'EDAP LAB', '3:00-3:50'),
(2526, 'WED', 'B-33', 2, 'EDAP LAB', '4:00-4:50'),
(2527, 'THU', 'B-33', 2, 'DE', '10:00-10:50'),
(2528, 'THU', 'B-33', 2, 'DBMS', '10:50-11:40'),
(2529, 'THU', 'B-33', 2, 'SMDS', '11:40-12:30'),
(2530, 'THU', 'B-33', 2, 'MEFA', '12:30-1:20'),
(2531, 'THU', 'B-33', 2, 'DLCO', '2:10-3:00'),
(2532, 'THU', 'B-33', 2, 'DE', '3:00-3:50'),
(2533, 'THU', 'B-33', 2, 'COU', '4:00-4:50'),
(2534, 'FRI', 'B-33', 2, 'DLCO', '10:00-10:50'),
(2535, 'FRI', 'B-33', 2, 'DBMS LAB', '10:50-11:40'),
(2536, 'FRI', 'B-33', 2, 'DBMS LAB', '11:40-12:30'),
(2537, 'FRI', 'B-33', 2, 'DBMS LAB', '12:30-1:20'),
(2538, 'FRI', 'B-33', 2, 'SMDS', '2:10-3:00'),
(2539, 'FRI', 'B-33', 2, 'DBMS', '3:00-3:50'),
(2540, 'FRI', 'B-33', 2, 'SPORTS/IA', '4:00-4:50'),
(2541, 'SAT', 'B-33', 2, 'MEFA', '10:00-10:50'),
(2542, 'SAT', 'B-33', 2, 'SMDS', '10:50-11:40'),
(2543, 'SAT', 'B-33', 2, 'DE', '11:40-12:30'),
(2544, 'SAT', 'B-33', 2, 'DLCO', '12:30-1:20'),
(2545, 'SAT', 'B-33', 2, 'MEFA', '2:10-3:00'),
(2546, 'SAT', 'B-33', 2, 'DBMS', '3:00-3:50'),
(2547, 'SAT', 'B-33', 2, 'LIBRATY/VS', '4:00-4:50');

-- --------------------------------------------------------

--
-- Table structure for table `shift`
--

CREATE TABLE `shift` (
  `shift_id` int(11) NOT NULL,
  `shift_name` varchar(50) DEFAULT NULL
) ENGINE=InnoDB DEFAULT CHARSET=utf8mb4 COLLATE=utf8mb4_general_ci;

--
-- Dumping data for table `shift`
--

INSERT INTO `shift` (`shift_id`, `shift_name`) VALUES
(1, 'first'),
(2, 'second');

--
-- Indexes for dumped tables
--

--
-- Indexes for table `classslot`
--
ALTER TABLE `classslot`
  ADD PRIMARY KEY (`slot_id`),
  ADD KEY `shift_id` (`shift_id`);

--
-- Indexes for table `floor`
--
ALTER TABLE `floor`
  ADD PRIMARY KEY (`floor_number`);

--
-- Indexes for table `room`
--
ALTER TABLE `room`
  ADD PRIMARY KEY (`room_number`),
  ADD UNIQUE KEY `room_id` (`room_id`),
  ADD UNIQUE KEY `room_id_2` (`room_id`),
  ADD UNIQUE KEY `room_id_3` (`room_id`),
  ADD KEY `floor_number` (`floor_number`);

--
-- Indexes for table `roomschedule`
--
ALTER TABLE `roomschedule`
  ADD PRIMARY KEY (`schedule_id`),
  ADD KEY `room_number` (`room_number`),
  ADD KEY `shift_id` (`shift_id`);

--
-- Indexes for table `shift`
--
ALTER TABLE `shift`
  ADD PRIMARY KEY (`shift_id`);

--
-- AUTO_INCREMENT for dumped tables
--

--
-- AUTO_INCREMENT for table `classslot`
--
ALTER TABLE `classslot`
  MODIFY `slot_id` int(11) NOT NULL AUTO_INCREMENT;

--
-- AUTO_INCREMENT for table `room`
--
ALTER TABLE `room`
  MODIFY `room_id` int(11) NOT NULL AUTO_INCREMENT, AUTO_INCREMENT=53;

--
-- AUTO_INCREMENT for table `roomschedule`
--
ALTER TABLE `roomschedule`
  MODIFY `schedule_id` int(11) NOT NULL AUTO_INCREMENT, AUTO_INCREMENT=2548;

--
-- AUTO_INCREMENT for table `shift`
--
ALTER TABLE `shift`
  MODIFY `shift_id` int(11) NOT NULL AUTO_INCREMENT, AUTO_INCREMENT=3;

--
-- Constraints for dumped tables
--

--
-- Constraints for table `classslot`
--
ALTER TABLE `classslot`
  ADD CONSTRAINT `classslot_ibfk_1` FOREIGN KEY (`shift_id`) REFERENCES `shift` (`shift_id`);

--
-- Constraints for table `room`
--
ALTER TABLE `room`
  ADD CONSTRAINT `room_ibfk_1` FOREIGN KEY (`floor_number`) REFERENCES `floor` (`floor_number`);

--
-- Constraints for table `roomschedule`
--
ALTER TABLE `roomschedule`
  ADD CONSTRAINT `roomschedule_ibfk_1` FOREIGN KEY (`room_number`) REFERENCES `room` (`room_number`),
  ADD CONSTRAINT `roomschedule_ibfk_2` FOREIGN KEY (`shift_id`) REFERENCES `shift` (`shift_id`);
COMMIT;

/*!40101 SET CHARACTER_SET_CLIENT=@OLD_CHARACTER_SET_CLIENT */;
/*!40101 SET CHARACTER_SET_RESULTS=@OLD_CHARACTER_SET_RESULTS */;
/*!40101 SET COLLATION_CONNECTION=@OLD_COLLATION_CONNECTION */;
